t (s),RPM,Torque,Power (W),N_Re,N_Po
4.76837158203125e-07,0.0,0.0,0.0,0.0,0.0
0.17482972145080566,0.0,0.0,0.0,0.0,0.0
0.32201385498046875,0.0,0.0,0.0,0.0,0.0
0.4694230556488037,0.0,0.0,0.0,0.0,0.0
0.6166782379150391,0.0,0.0,0.0,0.0,0.0
0.7638511657714844,0.0,0.0,0.0,0.0,0.0
0.9110612869262695,0.0,0.0,0.0,0.0,0.0
1.0583789348602295,0.0,0.0,0.0,0.0,0.0
1.2061293125152588,0.0,0.0,0.0,0.0,0.0
1.3536624908447266,0.0,0.0,0.0,0.0,0.0
1.5647501945495605,0.0,0.0,0.0,0.0,0.0
1.7119414806365967,0.0,0.0,0.0,0.0,0.0
1.859025478363037,0.0,0.0,0.0,0.0,0.0
2.006096601486206,0.0,0.0,0.0,0.0,0.0
2.1536591053009033,0.0,0.0,0.0,0.0,0.0
2.3008618354797363,0.0,0.0,0.0,0.0,0.0
2.44787335395813,0.0,0.0,0.0,0.0,0.0
2.5948853492736816,0.0,0.0,0.0,0.0,0.0
2.741842269897461,0.0,0.0,0.0,0.0,0.0
2.8887805938720703,0.0,0.0,0.0,0.0,0.0
3.1015541553497314,0.0,0.0,0.0,0.0,0.0
3.2640762329101562,0.0,0.0,0.0,0.0,0.0
3.4259884357452393,0.0,0.0,0.0,0.0,0.0
3.5884387493133545,0.0,0.0,0.0,0.0,0.0
3.749220132827759,0.0,0.0,0.0,0.0,0.0
3.908921241760254,0.0,0.0,0.0,0.0,0.0
4.072077035903931,0.0,0.0,0.0,0.0,0.0
4.22936749458313,0.0,0.0,0.0,0.0,0.0
4.391836643218994,0.0,0.0,0.0,0.0,0.0
4.552143812179565,0.0,0.0,0.0,0.0,0.0
4.815683126449585,0.0,0.0,0.0,0.0,0.0
4.96299934387207,0.0,0.0,0.0,0.0,0.0
5.110311269760132,0.0,0.0,0.0,0.0,0.0
5.257445335388184,0.0,0.0,0.0,0.0,0.0
5.404595136642456,0.0,0.0,0.0,0.0,0.0
5.551754951477051,0.0,0.0,0.0,0.0,0.0
5.6987082958221436,0.0,0.0,0.0,0.0,0.0
5.8459413051605225,0.0,0.0,0.0,0.0,0.0
5.992797374725342,0.0,0.0,0.0,0.0,0.0
6.140307426452637,0.0,0.0,0.0,0.0,0.0
6.352066516876221,0.0,0.0,0.0,0.0,0.0
6.499146223068237,0.0,0.0,0.0,0.0,0.0
6.6460747718811035,0.0,0.0,0.0,0.0,0.0
6.7930920124053955,0.0,0.0,0.0,0.0,0.0
6.940227031707764,0.0,0.0,0.0,0.0,0.0
7.087510108947754,0.0,0.0,0.0,0.0,0.0
7.2352073192596436,0.0,0.0,0.0,0.0,0.0
7.3823254108428955,0.0,0.0,0.0,0.0,0.0
7.529487609863281,0.0,0.0,0.0,0.0,0.0
7.676550626754761,0.0,0.0,0.0,0.0,0.0
7.8882317543029785,0.0,0.0,0.0,0.0,0.0
8.035683870315552,0.0,0.0,0.0,0.0,0.0
8.18300199508667,0.0,0.0,0.0,0.0,0.0
8.330102682113647,0.0,0.0,0.0,0.0,0.0
8.477001428604126,0.0,0.0,0.0,0.0,0.0
8.624082088470459,0.0,0.0,0.0,0.0,0.0
8.771126985549927,0.0,0.0,0.0,0.0,0.0
8.918240785598755,0.0,0.0,0.0,0.0,0.0
9.065605640411377,0.0,0.0,0.0,0.0,0.0
9.213354349136353,0.0,0.0,0.0,0.0,0.0
9.423935651779175,0.0,0.0,0.0,0.0,0.0
9.57131290435791,0.0,0.0,0.0,0.0,0.0
9.718511581420898,0.0,0.0,0.0,0.0,0.0
9.880893468856812,0.0,0.0,0.0,0.0,0.0
10.039880275726318,0.0,0.0,0.0,0.0,0.0
10.20291543006897,0.0,0.0,0.0,0.0,0.0
10.364203214645386,0.0,0.0,0.0,0.0,0.0
10.523701190948486,0.0,0.0,0.0,0.0,0.0
10.686230182647705,0.0,0.0,0.0,0.0,0.0
10.846055269241333,0.0,0.0,0.0,0.0,0.0
11.110299587249756,0.0,0.0,0.0,0.0,0.0
11.271721839904785,0.0,0.0,0.0,0.0,0.0
11.43153166770935,0.0,0.0,0.0,0.0,0.0
11.59416937828064,0.0,0.0,0.0,0.0,0.0
11.754065752029419,0.0,0.0,0.0,0.0,0.0
11.916647911071777,0.0,0.0,0.0,0.0,0.0
12.07899785041809,0.0,0.0,0.0,0.0,0.0
12.239004611968994,0.0,0.0,0.0,0.0,0.0
12.40186357498169,0.0,0.0,0.0,0.0,0.0
12.563302993774414,0.0,0.0,0.0,0.0,0.0
12.830177068710327,0.0,0.0,0.0,0.0,0.0
12.989738702774048,0.0,0.0,0.0,0.0,0.0
13.151292085647583,0.0,0.0,0.0,0.0,0.0
13.314120769500732,0.0,0.0,0.0,0.0,0.0
13.475377321243286,0.0,0.0,0.0,0.0,0.0
13.634989261627197,0.0,0.0,0.0,0.0,0.0
13.797695636749268,0.0,0.0,0.0,0.0,0.0
13.957441806793213,0.0,0.0,0.0,0.0,0.0
14.120498895645142,0.0,0.0,0.0,0.0,0.0
14.28204894065857,0.0,0.0,0.0,0.0,0.0
14.544941425323486,0.0,0.0,0.0,0.0,0.0
14.701905965805054,0.0,0.0,0.0,0.0,0.0
14.896738052368164,0.0,0.0,0.0,0.0,0.0
15.055785655975342,0.0,0.0,0.0,0.0,0.0
15.222102880477905,0.0,0.0,0.0,0.0,0.0
15.386881113052368,0.0,0.0,0.0,0.0,0.0
15.548942804336548,0.0,0.0,0.0,0.0,0.0
15.713842630386353,0.0,0.0,0.0,0.0,0.0
15.877598285675049,0.0,0.0,0.0,0.0,0.0
16.037389755249023,0.0,0.0,0.0,0.0,0.0
16.29404878616333,0.0,0.0,0.0,0.0,0.0
16.453012943267822,0.0,0.0,0.0,0.0,0.0
16.618077754974365,0.0,0.0,0.0,0.0,0.0
16.781460762023926,0.0,0.0,0.0,0.0,0.0
16.94393563270569,0.0,0.0,0.0,0.0,0.0
17.106460332870483,0.0,0.0,0.0,0.0,0.0
17.270731925964355,0.0,0.0,0.0,0.0,0.0
17.436368703842163,0.0,0.0,0.0,0.0,0.0
17.601356983184814,0.0,0.0,0.0,0.0,0.0
17.763479232788086,0.0,0.0,0.0,0.0,0.0
18.030115604400635,0.0,0.0,0.0,0.0,0.0
18.193137168884277,0.0,0.0,0.0,0.0,0.0
18.3551344871521,0.0,0.0,0.0,0.0,0.0
18.52010726928711,0.0,0.0,0.0,0.0,0.0
18.682656288146973,0.0,0.0,0.0,0.0,0.0
18.847633123397827,0.0,0.0,0.0,0.0,0.0
19.012603759765625,0.0,0.0,0.0,0.0,0.0
19.174904584884644,0.0,0.0,0.0,0.0,0.0
19.340959787368774,0.0,0.0,0.0,0.0,0.0
19.504802703857422,0.0,0.0,0.0,0.0,0.0
19.76902151107788,0.0,0.0,0.0,0.0,0.0
19.92874836921692,0.0,0.0,0.0,0.0,0.0
20.093213319778442,0.0,0.0,0.0,0.0,0.0
20.25664496421814,0.0,0.0,0.0,0.0,0.0
20.42231297492981,0.0,0.0,0.0,0.0,0.0
20.586063861846924,0.0,0.0,0.0,0.0,0.0
20.751368284225464,0.0,0.0,0.0,0.0,0.0
20.916472911834717,0.0,0.0,0.0,0.0,0.0
21.077110767364502,0.0,0.0,0.0,0.0,0.0
21.243520498275757,0.0,0.0,0.0,0.0,0.0
21.48980164527893,0.0,0.0,0.0,0.0,0.0
21.63914132118225,0.0,0.0,0.0,0.0,0.0
21.788374185562134,0.0,0.0,0.0,0.0,0.0
21.937670707702637,0.0,0.0,0.0,0.0,0.0
22.087066173553467,0.0,0.0,0.0,0.0,0.0
22.23695707321167,0.0,0.0,0.0,0.0,0.0
22.38628625869751,0.0,0.0,0.0,0.0,0.0
22.53549551963806,0.0,0.0,0.0,0.0,0.0
22.684698343276978,0.0,0.0,0.0,0.0,0.0
22.83391785621643,0.0,0.0,0.0,0.0,0.0
23.046996593475342,0.0,0.0,0.0,0.0,0.0
23.196399927139282,0.0,0.0,0.0,0.0,0.0
23.345820903778076,0.0,0.0,0.0,0.0,0.0
23.494741439819336,0.0,0.0,0.0,0.0,0.0
23.64393401145935,0.0,0.0,0.0,0.0,0.0
23.793126583099365,0.0,0.0,0.0,0.0,0.0
23.942601680755615,0.0,0.0,0.0,0.0,0.0
24.091838598251343,0.0,0.0,0.0,0.0,0.0
24.24125051498413,0.0,0.0,0.0,0.0,0.0
24.39037823677063,0.0,0.0,0.0,0.0,0.0
24.603372812271118,0.0,0.0,0.0,0.0,0.0
24.752681970596313,0.0,0.0,0.0,0.0,0.0
24.910933017730713,35.680647,0.0,0.0,2658.850358187525,0.0
25.076386213302612,60.895721,0.0,0.0,4537.82717541354,0.0
25.218177556991577,69.60457,0.0,0.0,5186.793162018297,0.0
25.377790927886963,72.896123,0.0,0.0,5432.073099712343,0.0
25.52497911453247,77.226824,0.0,0.0,5754.788265304856,0.0
25.677773237228394,81.013673,0.0,0.0,6036.976669008749,0.0
25.831159830093384,83.138892,0.0,0.0,6195.34373279481,0.0
25.98980188369751,83.513381,0.0,0.0,6223.249903100167,0.0
26.21066951751709,83.845928,0.0,0.0,6248.030639561145,0.0
26.364243507385254,83.389844,0.0,0.0,6214.0441732629415,0.0
26.542950868606567,82.989424,0.0,0.0,6184.205676768596,0.0
26.714439868927002,82.251587,0.0,0.0,6129.223541166235,0.0
26.88786745071411,83.068128,0.0,0.0,6190.070541231138,0.0
27.062970399856567,83.97959,0.0,0.0,6257.990864121424,0.0
27.238916158676147,85.0361,0.0,0.0,6336.719873489688,0.0
27.412853956222534,84.632569,0.0,0.0,6306.649551505623,0.0
27.58774995803833,85.025587,0.0,0.0,6335.936465783667,0.0
27.761573791503906,85.211506,0.0,0.0,6349.790777330872,0.0
28.026358366012573,83.745301,0.0,0.0,6240.532117042948,0.0
28.193350315093994,82.547495,0.0,0.0,6151.274012722722,0.0
28.370261669158936,83.921622,0.0,0.0,6253.6712048516965,0.0
28.545325994491577,83.899546,0.0,0.0,6252.026145542449,0.0
28.719860076904297,83.243239,0.0,0.0,6203.119462263109,0.0
28.893781423568726,82.46689,0.0,0.0,6145.267489547241,0.0
29.065434455871582,81.106542,0.0,0.0,6043.8970809035945,0.0
29.23832106590271,82.605619,0.0,0.0,6155.605296800034,0.0
29.413246154785156,82.242199,0.0,0.0,6128.52396620722,0.0
29.581647872924805,83.136103,0.0,0.0,6195.1359021002345,0.0
29.845516204833984,84.200499,0.0,0.0,6274.45256039551,0.0
29.999135732650757,86.706958,0.0,0.0,6461.228865486961,0.0
30.15240240097046,87.166274,0.0,0.0,6495.456173952562,0.0
30.30540919303894,86.84665,0.0,0.0,6471.638433571193,0.0
30.459108591079712,87.345962,0.0,0.0,6508.84616385835,0.0
30.612304210662842,87.344915,0.0,0.0,6508.768143515136,0.0
30.76511812210083,88.143837,0.0,0.0,6568.302210984931,0.0
30.917897939682007,88.032753,0.0,0.0,6560.024453768563,0.0
31.072321891784668,88.135623,0.0,0.0,6567.690120154791,0.0
31.225902795791626,88.064914,0.0,0.0,6562.421027080972,0.0
31.444237232208252,90.0963,0.0,0.0,6713.7958436227555,0.0
31.597310543060303,89.222326,0.0,0.0,6648.6690514167,0.0
31.750625133514404,87.856378,0.0,0.0,6546.881341987958,0.0
31.90368413925171,87.056803,0.0,0.0,6487.298614265902,0.0
32.0564444065094,87.60366,0.0,0.0,6528.049302736529,0.0
32.210254192352295,87.364816,0.0,0.0,6510.251126180174,0.0
32.36375093460083,84.59923,0.0,0.0,6304.16519599235,0.0
32.516884326934814,83.82439,0.0,0.0,6246.4256709344645,0.0
32.66994285583496,85.676198,0.0,0.0,6384.418694550168,0.0
32.82320284843445,85.333073,0.0,0.0,6358.84970671334,0.0
33.041306257247925,84.881896,0.0,0.0,6325.228900228078,0.0
33.194644927978516,84.789916,0.0,0.0,6318.374734832869,0.0
33.347716331481934,84.580671,0.0,0.0,6302.782216479741,0.0
33.50060486793518,85.678217,0.0,0.0,6384.569146386794,0.0
33.65390968322754,86.242564,0.0,0.0,6426.623154630872,0.0
33.80693244934082,86.140208,0.0,0.0,6418.995790495276,0.0
33.95980739593506,87.583076,0.0,0.0,6526.515424279309,0.0
34.113487005233765,87.197156,0.0,0.0,6497.757438746375,0.0
34.26695990562439,87.991473,0.0,0.0,6556.948350838424,0.0
34.42000102996826,88.013496,0.0,0.0,6558.589460693814,0.0
34.63786959648132,83.149917,0.0,0.0,6196.1652937154695,0.0
34.792529344558716,88.15631,0.0,0.0,6569.231673965737,0.0
34.97731280326843,133.640932,0.0,0.0,9958.65461511151,0.0
35.15496897697449,146.091906,0.0,0.0,10886.476262507187,0.0
35.3363733291626,150.391612,0.0,0.0,11206.881742772192,0.0
35.51258087158203,152.527,0.0,0.0,11366.006580073186,0.0
35.69288611412048,154.308361,0.0,0.0,11498.750034330373,0.0
35.87290978431702,155.966852,0.0,0.0,11622.33746225456,0.0
36.03967475891113,153.063926,0.0,0.0,11406.017230312244,0.0
36.22062635421753,148.023451,0.0,0.0,11030.411127676682,0.0
36.49121952056885,148.714014,0.0,0.0,11081.870499472854,0.0
36.66411113739014,144.683245,0.0,0.0,10781.505665858118,0.0
36.844932317733765,148.000452,0.0,0.0,11028.69728825589,0.0
37.02212405204773,151.418709,0.0,0.0,11283.418954284733,0.0
37.20347476005554,153.827312,0.0,0.0,11462.903226228611,0.0
37.3840115070343,151.908103,0.0,0.0,11319.887615074287,0.0
37.567386627197266,152.412354,0.0,0.0,11357.463389750299,0.0
37.747775077819824,151.908671,0.0,0.0,11319.929941296776,0.0
37.928340435028076,152.645129,0.0,0.0,11374.809316580808,0.0
38.109174489974976,153.626462,0.0,0.0,11447.936286463142,0.0
38.38898992538452,154.71075,0.0,0.0,11528.735256761478,0.0
38.5688693523407,154.138881,0.0,0.0,11486.120724141418,0.0
38.74898862838745,156.259719,0.0,0.0,11644.161324581139,0.0
38.92638874053955,155.53269,0.0,0.0,11589.984579494012,0.0
39.10720920562744,155.737333,0.0,0.0,11605.23416602339,0.0
39.287728786468506,155.047226,0.0,0.0,11553.808774434,0.0
39.46817970275879,154.55985,0.0,0.0,11517.490490963075,0.0
39.64871954917908,154.445538,0.0,0.0,11508.972189651297,0.0
39.82920551300049,153.552422,0.0,0.0,11442.418973940188,0.0
40.00923442840576,153.96194,0.0,0.0,11472.93543517432,0.0
40.2814564704895,149.914173,0.0,0.0,11171.30394464082,0.0
40.46176886558533,151.41481,0.0,0.0,11283.128408613107,0.0
40.64021372795105,152.730497,0.0,0.0,11381.170768977614,0.0
40.82084774971008,150.935258,0.0,0.0,11247.393153953362,0.0
41.00141882896423,150.009957,0.0,0.0,11178.441576497906,0.0
41.18194842338562,150.40943,0.0,0.0,11208.20950444877,0.0
41.363667249679565,149.745507,0.0,0.0,11158.735292101697,0.0
41.54196310043335,153.184736,0.0,0.0,11415.019749570725,0.0
41.722806453704834,154.081557,0.0,0.0,11481.849054461978,0.0
41.895843267440796,155.033832,0.0,0.0,11552.810680377646,0.0
42.16977047920227,154.061542,0.0,0.0,11480.357576745246,0.0
42.34789276123047,154.948767,0.0,0.0,11546.471806934034,0.0
42.52393674850464,153.304323,0.0,0.0,11423.931133318465,0.0
42.704941749572754,154.708343,0.0,0.0,11528.555891941887,0.0
42.876803159713745,155.122298,0.0,0.0,11559.402989530206,0.0
43.0575647354126,153.460056,0.0,0.0,11435.536044598006,0.0
43.23856449127197,152.424476,0.0,0.0,11358.36669691404,0.0
43.41903567314148,152.627496,0.0,0.0,11373.495340733734,0.0
43.597952365875244,151.876617,0.0,0.0,11317.541341410082,0.0
43.77908229827881,154.619456,0.0,0.0,11521.932210712444,0.0
44.04853272438049,154.697872,0.0,0.0,11527.77561399175,0.0
44.221747159957886,155.406006,0.0,0.0,11580.544341519162,0.0
44.402164697647095,154.897046,0.0,0.0,11542.61766159368,0.0
44.58266830444336,154.889195,0.0,0.0,11542.032620796574,0.0
44.76321268081665,154.98474,0.0,0.0,11549.152442852297,0.0
44.944416761398315,192.631779,0.0,0.0,14354.534394862574,0.0
45.12902045249939,217.669023,0.0,0.0,16220.259676621858,0.0
45.30524969100952,223.444279,0.0,0.0,16650.620187859913,0.0
45.48908972740173,224.538901,0.0,0.0,16732.18922714275,0.0
45.67218327522278,224.190744,0.0,0.0,16706.245264743313,0.0
45.941372871398926,224.209796,0.0,0.0,16707.66498162861,0.0
46.11438274383545,222.602029,0.0,0.0,16587.857404601433,0.0
46.289037227630615,223.967473,0.0,0.0,16689.60755695952,0.0
46.47201442718506,226.363144,0.0,0.0,16868.128162161815,0.0
46.65308666229248,226.175615,0.0,0.0,16854.15387663889,0.0
46.83216333389282,226.616435,0.0,0.0,16887.002900225718,0.0
47.00749659538269,227.159576,0.0,0.0,16927.476679818228,0.0
47.18260478973389,225.095285,0.0,0.0,16773.64984857402,0.0
47.35886478424072,227.784446,0.0,0.0,16974.04074081524,0.0
47.53879737854004,226.058788,0.0,0.0,16845.44816256381,0.0
47.82347822189331,226.474607,0.0,0.0,16876.43416169917,0.0
47.99868178367615,227.604602,0.0,0.0,16960.63912610186,0.0
48.18274641036987,229.362352,0.0,0.0,17091.623135923885,0.0
48.36593461036682,227.373176,0.0,0.0,16943.39372404977,0.0
48.545295000076294,227.071225,0.0,0.0,16920.892940235364,0.0
48.728840351104736,228.123431,0.0,0.0,16999.301224143084,0.0
48.9125075340271,226.972294,0.0,0.0,16913.520800240654,0.0
49.09529948234558,227.79703,0.0,0.0,16974.97847529375,0.0
49.27926969528198,228.362917,0.0,0.0,17017.14724125373,0.0
49.463300704956055,228.25344,0.0,0.0,17008.989234459084,0.0
49.736034631729126,228.310954,0.0,0.0,17013.275062558023,0.0
49.910916805267334,226.771584,0.0,0.0,16898.56429299481,0.0
50.09358811378479,228.04256,0.0,0.0,16993.274879180306,0.0
50.27569794654846,228.306415,0.0,0.0,17012.9368253681,0.0
50.45603156089783,225.920969,0.0,0.0,16835.17816668859,0.0
50.63588857650757,226.764122,0.0,0.0,16898.00823969867,0.0
50.81834554672241,225.788851,0.0,0.0,16825.3329979162,0.0
51.001993894577026,224.926014,0.0,0.0,16761.03611264651,0.0
51.18536067008972,226.378203,0.0,0.0,16869.250328683735,0.0
51.369128465652466,226.742889,0.0,0.0,16896.42599906118,0.0
51.64604473114014,225.691729,0.0,0.0,16818.09566097868,0.0
51.81730628013611,227.305591,0.0,0.0,16938.357425199636,0.0
51.99224805831909,227.884169,0.0,0.0,16981.471899063843,0.0
52.175440073013306,228.161233,0.0,0.0,17002.118153478477,0.0
52.35901594161987,228.07119,0.0,0.0,16995.408329444115,0.0
52.54262375831604,228.595864,0.0,0.0,17034.505985179774,0.0
52.72615694999695,226.719355,0.0,0.0,16894.672292511812,0.0
52.91004228591919,228.126986,0.0,0.0,16999.56613562362,0.0
53.08440017700195,227.936637,0.0,0.0,16985.381709348207,0.0
53.26906633377075,228.062736,0.0,0.0,16994.778354294613,0.0
53.5462543964386,226.470691,0.0,0.0,16876.14234922159,0.0
53.722229957580566,227.179014,0.0,0.0,16928.925160650502,0.0
53.90594792366028,227.992354,0.0,0.0,16989.533628605925,0.0
54.08919072151184,227.78065,0.0,0.0,16973.75787049734,0.0
54.27135467529297,227.079122,0.0,0.0,16921.48140886035,0.0
54.44973373413086,228.352729,0.0,0.0,17016.388051896844,0.0
54.63323998451233,226.828422,0.0,0.0,16902.799746927547,0.0
54.81743669509888,224.79568,0.0,0.0,16751.323883981375,0.0
55.002219676971436,275.11006,0.0,0.0,20500.6507189175,0.0
55.17741346359253,289.011136,0.0,0.0,21536.531063289956,0.0
55.45568490028381,292.56965,0.0,0.0,21801.704400071525,0.0
55.627169370651245,292.496807,0.0,0.0,21796.276285591386,0.0
55.810866594314575,292.89391,0.0,0.0,21825.86760588856,0.0
55.99609875679016,292.557762,0.0,0.0,21800.818530119162,0.0
56.18430495262146,289.378361,0.0,0.0,21563.895934862645,0.0
56.363834619522095,292.100381,0.0,0.0,21766.73541397841,0.0
56.54757642745972,292.990183,0.0,0.0,21833.04167704634,0.0
56.72979712486267,290.488666,0.0,0.0,21646.633639897747,0.0
56.913330078125,288.402329,0.0,0.0,21491.1639848842,0.0
57.09637093544006,289.463102,0.0,0.0,21570.21066447512,0.0
57.374781131744385,292.653555,0.0,0.0,21807.956832638225,0.0
57.54995155334473,293.9874,0.0,0.0,21907.3522907984,0.0
57.73183846473694,294.14698,0.0,0.0,21919.24387281371,0.0
57.91554093360901,295.56961,0.0,0.0,22025.255411367598,0.0
58.09810733795166,295.018903,0.0,0.0,21984.217828607223,0.0
58.278889179229736,293.01486,0.0,0.0,21834.88055766667,0.0
58.462648153305054,289.913545,0.0,0.0,21603.77677475033,0.0
58.64380884170532,291.269807,0.0,0.0,21704.842702856855,0.0
58.827040910720825,293.054768,0.0,0.0,21837.854421904463,0.0
59.01031708717346,292.842383,0.0,0.0,21822.02791703969,0.0
59.282920360565186,292.150798,0.0,0.0,21770.492387850234,0.0
59.45791697502136,293.359406,0.0,0.0,21860.55543557771,0.0
59.64152503013611,293.911854,0.0,0.0,21901.72275417146,0.0
59.82443451881409,294.490453,0.0,0.0,21944.83879291361,0.0
60.00765132904053,294.231068,0.0,0.0,21925.50994217392,0.0
60.18847703933716,294.717316,0.0,0.0,21961.744169343845,0.0
60.372594356536865,294.392452,0.0,0.0,21937.535954656425,0.0
60.54964566230774,294.605719,0.0,0.0,21953.428184394845,0.0
60.73266625404358,294.751287,0.0,0.0,21964.27562023144,0.0
60.915871143341064,294.648603,0.0,0.0,21956.623814192717,0.0
61.18870210647583,295.469906,0.0,0.0,22017.825668960944,0.0
61.365068435668945,295.085121,0.0,0.0,21989.15226135499,0.0
61.54713034629822,294.991585,0.0,0.0,21982.182145955925,0.0
61.73080635070801,293.93771,0.0,0.0,21903.649491510645,0.0
61.91419339179993,296.675521,0.0,0.0,22107.66568432239,0.0
62.09630346298218,295.650299,0.0,0.0,22031.26819405486,0.0
62.27691030502319,297.082731,0.0,0.0,22138.010158018667,0.0
62.4605655670166,297.894334,0.0,0.0,22198.489188212712,0.0
62.64357852935791,295.411352,0.0,0.0,22013.462342144783,0.0
62.82668209075928,292.980084,0.0,0.0,21832.289119791214,0.0
63.10428190231323,295.100558,0.0,0.0,21990.30259567991,0.0
63.28504467010498,294.710164,0.0,0.0,21961.21121662688,0.0
63.463212966918945,294.869147,0.0,0.0,21973.058311397774,0.0
63.64686870574951,297.061941,0.0,0.0,22136.460928853994,0.0
63.83002781867981,297.644259,0.0,0.0,22179.854100028246,0.0
64.0132646560669,296.852209,0.0,0.0,22120.832120236166,0.0
64.1931586265564,297.75577,0.0,0.0,22188.163676429474,0.0
64.37294960021973,296.565886,0.0,0.0,22099.495903684165,0.0
64.55502438545227,296.747919,0.0,0.0,22113.060638293715,0.0
64.73813390731812,296.727972,0.0,0.0,22111.574227800804,0.0
65.02377557754517,334.460171,0.0,0.0,24923.302132464436,0.0
65.20338892936707,357.736133,0.0,0.0,26657.7802068351,0.0
65.38267183303833,364.382647,0.0,0.0,27153.06511939844,0.0
65.56386113166809,364.634362,0.0,0.0,27171.822417098538,0.0
65.74706816673279,363.614591,0.0,0.0,27095.831124434502,0.0
65.93076920509338,363.870517,0.0,0.0,27114.902217421397,0.0
66.115154504776,364.239885,0.0,0.0,27142.42678106238,0.0
66.29361987113953,363.57549,0.0,0.0,27092.91739622056,0.0
66.47737145423889,365.319246,0.0,0.0,27222.85860118783,0.0
66.65946745872498,365.078741,0.0,0.0,27204.936650237894,0.0
66.9360077381134,367.009941,0.0,0.0,27348.845806698308,0.0
67.09400296211243,368.378689,0.0,0.0,27450.842166519593,0.0
67.25230550765991,367.445503,0.0,0.0,27381.30301465512,0.0
67.40987658500671,363.636364,0.0,0.0,27097.453604790557,0.0
67.56743574142456,366.941308,0.0,0.0,27343.73141298696,0.0
67.72504925727844,364.418607,0.0,0.0,27155.744786582738,0.0
67.88277888298035,365.276167,0.0,0.0,27219.648440380475,0.0
68.04056859016418,366.995362,0.0,0.0,27347.759408815105,0.0
68.19868755340576,370.709191,0.0,0.0,27624.50650835333,0.0
68.35627603530884,368.405195,0.0,0.0,27452.817340557052,0.0
68.57872533798218,369.442249,0.0,0.0,27530.0965277691,0.0
68.73635601997375,365.754463,0.0,0.0,27255.290100435566,0.0
68.89423966407776,366.248432,0.0,0.0,27292.09968106294,0.0
69.0519163608551,366.118189,0.0,0.0,27282.39423353556,0.0
69.21004247665405,367.30956,0.0,0.0,27371.172814542915,0.0
69.3674488067627,366.461871,0.0,0.0,27308.004727896907,0.0
69.52519130706787,367.368688,0.0,0.0,27375.57891468956,0.0
69.68296909332275,371.231061,0.0,0.0,27663.395215624452,0.0
69.84079432487488,367.756067,0.0,0.0,27404.445621980605,0.0
69.99870467185974,368.092821,0.0,0.0,27429.539855656392,0.0
70.22306728363037,364.912691,0.0,0.0,27192.56293677981,0.0
70.38098287582397,367.590424,0.0,0.0,27392.102237347437,0.0
70.538419008255,365.294347,0.0,0.0,27221.003177572093,0.0
70.69611120223999,369.16543,0.0,0.0,27509.468530263806,0.0
70.85381722450256,366.135332,0.0,0.0,27283.671695563942,0.0
71.01170492172241,366.260699,0.0,0.0,27293.013793336297,0.0
71.16932106018066,366.636809,0.0,0.0,27321.040757315342,0.0
71.32741498947144,367.077039,0.0,0.0,27353.845815283737,0.0
71.48515248298645,369.004506,0.0,0.0,27497.47679606008,0.0
71.64280462265015,367.84858,0.0,0.0,27411.3395054684,0.0
71.86636519432068,367.344769,0.0,0.0,27373.796518711213,0.0
72.0509238243103,364.604007,0.0,0.0,27169.560423289327,0.0
72.23461389541626,368.843459,0.0,0.0,27485.475896142685,0.0
72.41686487197876,369.404031,0.0,0.0,27527.248598946804,0.0
72.59695672988892,367.737435,0.0,0.0,27403.057202654196,0.0
72.77401804924011,368.899641,0.0,0.0,27489.662466269165,0.0
72.94898629188538,367.706788,0.0,0.0,27400.77344958976,0.0
73.13295912742615,368.156204,0.0,0.0,27434.263029881706,0.0
73.316166639328,367.679001,0.0,0.0,27398.702817997706,0.0
73.49611592292786,365.514419,0.0,0.0,27237.402502282403,0.0
73.76889753341675,370.478087,0.0,0.0,27607.28510109638,0.0
73.9518210887909,370.453855,0.0,0.0,27605.479380984867,0.0
74.13529348373413,369.056942,0.0,0.0,27501.384221768534,0.0
74.31813931465149,367.323864,0.0,0.0,27372.23871997685,0.0
74.50183939933777,368.204311,0.0,0.0,27437.84786717968,0.0
74.68010807037354,367.554695,0.0,0.0,27389.439783820526,0.0
74.8639714717865,377.479873,0.0,0.0,28129.044171610218,0.0
75.04656219482422,419.712523,0.0,0.0,31276.136671914606,0.0
75.2303638458252,430.888053,0.0,0.0,32108.914786712678,0.0
75.4073646068573,433.948188,0.0,0.0,32336.94991849861,0.0
75.67789697647095,435.297813,0.0,0.0,32437.521270656787,0.0
75.85281991958618,432.980082,0.0,0.0,32264.80859816707,0.0
76.03747177124023,435.603893,0.0,0.0,32460.32973928221,0.0
76.21845507621765,436.870022,0.0,0.0,32554.6791367346,0.0
76.4022274017334,437.732136,0.0,0.0,32618.92214549222,0.0
76.58335161209106,435.299676,0.0,0.0,32437.66009768583,0.0
76.76694893836975,437.597229,0.0,0.0,32608.86914602526,0.0
76.94999313354492,435.914516,0.0,0.0,32483.476743169533,0.0
77.13346099853516,435.538666,0.0,0.0,32455.46915386979,0.0
77.31697988510132,436.971672,0.0,0.0,32562.253891164073,0.0
77.58892345428467,436.022401,0.0,0.0,32491.51611731241,0.0
77.74656581878662,434.325375,0.0,0.0,32365.05713836078,0.0
77.90434551239014,436.632371,0.0,0.0,32536.96986014907,0.0
78.06194734573364,435.606546,0.0,0.0,32460.52743552914,0.0
78.21942615509033,434.428842,0.0,0.0,32372.767291991422,0.0
78.37697434425354,439.74293,0.0,0.0,32768.7624874328,0.0
78.53447771072388,437.253555,0.0,0.0,32583.259247807884,0.0
78.69239521026611,434.058233,0.0,0.0,32345.150251515737,0.0
78.84951829910278,437.414008,0.0,0.0,32595.215884034864,0.0
79.00699996948242,433.946801,0.0,0.0,32336.846562036295,0.0
79.23097038269043,436.133235,0.0,0.0,32499.775245029443,0.0
79.38855648040771,437.974006,0.0,0.0,32636.945813508522,0.0
79.54632925987244,440.021748,0.0,0.0,32789.539446414776,0.0
79.70373773574829,437.401537,0.0,0.0,32594.286570090055,0.0
79.86118245124817,436.344923,0.0,0.0,32515.549810850072,0.0
80.01888656616211,436.050851,0.0,0.0,32493.6361543367,0.0
80.17724180221558,436.9411,0.0,0.0,32559.97572694944,0.0
80.33486652374268,441.156376,0.0,0.0,32874.08965269914,0.0
80.4927966594696,437.349462,0.0,0.0,32590.406045378648,0.0
80.65072631835938,437.466755,0.0,0.0,32599.146484840487,0.0
80.87359690666199,436.457412,0.0,0.0,32523.932265852698,0.0
81.03166031837463,436.569945,0.0,0.0,32532.317999647214,0.0
81.18979406356812,438.224514,0.0,0.0,32655.61316798583,0.0
81.34774160385132,441.560458,0.0,0.0,32904.20103409973,0.0
81.50553035736084,435.897219,0.0,0.0,32482.187805369565,0.0
81.66350078582764,437.230304,0.0,0.0,32581.52662985177,0.0
81.82157373428345,437.861159,0.0,0.0,32628.536681062844,0.0
81.9792411327362,440.835898,0.0,0.0,32850.20827394804,0.0
82.13704371452332,437.705425,0.0,0.0,32616.931695265306,0.0
82.29521012306213,439.055091,0.0,0.0,32717.506102661384,0.0
82.51745438575745,438.020356,0.0,0.0,32640.399722685164,0.0
82.6840968132019,440.729371,0.0,0.0,32842.27009524555,0.0
82.85844945907593,439.182291,0.0,0.0,32726.984791922852,0.0
83.04292297363281,439.017612,0.0,0.0,32714.71324263913,0.0
83.21906805038452,440.952279,0.0,0.0,32858.88075299631,0.0
83.40236139297485,439.84521,0.0,0.0,32776.3841882006,0.0
83.57840991020203,439.655677,0.0,0.0,32762.260568611022,0.0
83.75317907333374,438.06415,0.0,0.0,32643.663163860612,0.0
83.92899179458618,439.094409,0.0,0.0,32720.436001280737,0.0
84.10706996917725,439.80678,0.0,0.0,32773.52046156288,0.0
84.3862681388855,439.609707,0.0,0.0,32758.834976273356,0.0
84.56120276451111,438.870256,0.0,0.0,32703.732568623287,0.0
84.74505853652954,437.468631,0.0,0.0,32599.2862806035,0.0
84.92521071434021,472.095458,0.0,0.0,35179.6080828356,0.0
85.10898351669312,499.935975,0.0,0.0,37254.227654548406,0.0
85.29276847839355,506.159322,0.0,0.0,37717.979009731935,0.0
85.46876692771912,507.217379,0.0,0.0,37796.82329844208,0.0
85.64366555213928,505.52519,0.0,0.0,37670.72476304358,0.0
85.82073450088501,508.455796,0.0,0.0,37889.107653152234,0.0
86.0097770690918,509.637133,0.0,0.0,37977.1385205743,0.0
86.2853217124939,508.157027,0.0,0.0,37866.84398560536,0.0
86.4682366847992,508.09556,0.0,0.0,37862.263587862944,0.0
86.6514458656311,508.024697,0.0,0.0,37856.983019017534,0.0
86.83410215377808,507.507482,0.0,0.0,37818.441193024024,0.0
87.01330018043518,507.933447,0.0,0.0,37850.183251760376,0.0
87.19051027297974,501.612372,0.0,0.0,37379.149401732946,0.0
87.36572074890137,508.282431,0.0,0.0,37876.18884054361,0.0
87.54168272018433,507.473682,0.0,0.0,37815.92248471398,0.0
87.72471976280212,509.769384,0.0,0.0,37986.99360024033,0.0
87.90267753601074,507.32368,0.0,0.0,37804.74463607719,0.0
88.1875536441803,508.162475,0.0,0.0,37867.24995965485,0.0
88.37115454673767,508.488722,0.0,0.0,37891.561232732594,0.0
88.55434393882751,508.841207,0.0,0.0,37917.827709024525,0.0
88.73452115058899,510.097718,0.0,0.0,38011.46039237851,0.0
88.91397404670715,508.34121,0.0,0.0,37880.56893390919,0.0
89.09741377830505,507.45144,0.0,0.0,37814.26505541716,0.0
89.28136396408081,508.894634,0.0,0.0,37921.80898206833,0.0
89.4564597606659,508.593726,0.0,0.0,37899.38592052515,0.0
89.63428735733032,507.512567,0.0,0.0,37818.82011704049,0.0
89.81425476074219,507.436978,0.0,0.0,37813.18737613965,0.0
90.087899684906,509.064797,0.0,0.0,37934.489188049476,0.0
90.27280306816101,508.942775,0.0,0.0,37925.39635297821,0.0
90.45721244812012,509.022664,0.0,0.0,37931.3495212676,0.0
90.63411736488342,509.075298,0.0,0.0,37935.271701539525,0.0
90.81764388084412,509.158018,0.0,0.0,37941.435830279384,0.0
90.99282383918762,509.377769,0.0,0.0,37957.81123471255,0.0
91.17585515975952,505.909071,0.0,0.0,37699.33080637994,0.0
91.35978627204895,507.00308,0.0,0.0,37780.854166130404,0.0
91.5409095287323,508.328215,0.0,0.0,37879.600572533775,0.0
91.71911072731018,509.034683,0.0,0.0,37932.24515307761,0.0
91.99250054359436,502.677186,0.0,0.0,37458.4972085511,0.0
92.17805695533752,506.729058,0.0,0.0,37760.43459546368,0.0
92.36127614974976,507.735829,0.0,0.0,37835.457154162315,0.0
92.54135751724243,507.676134,0.0,0.0,37831.00880231118,0.0
92.71979880332947,507.474394,0.0,0.0,37815.975541528074,0.0
92.9014163017273,504.785784,0.0,0.0,37615.625708703396,0.0
93.08508634567261,507.423058,0.0,0.0,37812.15008561671,0.0
93.26847410202026,506.686848,0.0,0.0,37757.28919079601,0.0
93.44966912269592,506.508227,0.0,0.0,37743.97871159337,0.0
93.62885165214539,506.058642,0.0,0.0,37710.47653775989,0.0
93.9023208618164,506.855175,0.0,0.0,37769.83258173403,0.0
94.07261681556702,502.281008,0.0,0.0,37428.97481740147,0.0
94.24916958808899,506.748191,0.0,0.0,37761.86034830676,0.0
94.42823362350464,504.695541,0.0,0.0,37608.900981069564,0.0
94.60871815681458,503.19585,0.0,0.0,37497.14701112276,0.0
94.79230260848999,505.59385,0.0,0.0,37675.84116874085,0.0
94.97671866416931,535.177219,0.0,0.0,39880.334581151335,0.0
95.1598916053772,561.466881,0.0,0.0,41839.387544101504,0.0
95.34347677230835,571.950088,0.0,0.0,42620.57513542809,0.0
95.52715158462524,574.169204,0.0,0.0,42785.93921561025,0.0
95.80078458786011,568.169027,0.0,0.0,42338.81804189279,0.0
95.98410844802856,577.984584,0.0,0.0,43070.25369229622,0.0
96.15409398078918,574.252841,0.0,0.0,42792.17167735367,0.0
96.3357162475586,574.383674,0.0,0.0,42801.92109049947,0.0
96.51707720756531,575.627886,0.0,0.0,42894.63727700419,0.0
96.70076441764832,577.418611,0.0,0.0,43028.07851778846,0.0
96.87563848495483,574.39972,0.0,0.0,42803.11680628477,0.0
97.05172562599182,577.392254,0.0,0.0,43026.1144469326,0.0
97.23128056526184,577.470631,0.0,0.0,43031.95494401002,0.0
97.41346168518066,575.753138,0.0,0.0,42903.97080520685,0.0
97.69725704193115,576.389325,0.0,0.0,42951.37818637975,0.0
97.8896553516388,575.004945,0.0,0.0,42848.216961224054,0.0
98.0645399093628,568.297628,0.0,0.0,42348.40113086853,0.0
98.24864721298218,574.703911,0.0,0.0,42825.78451041321,0.0
98.42880606651306,573.386849,0.0,0.0,42727.639687802366,0.0
98.61083388328552,576.071457,0.0,0.0,42927.6912996017,0.0
98.79401588439941,576.529625,0.0,0.0,42961.83306140636,0.0
98.97715640068054,575.129278,0.0,0.0,42857.48200738717,0.0
99.15902042388916,575.661688,0.0,0.0,42897.15613435024,0.0
99.34246706962585,577.06316,0.0,0.0,43001.59102111644,0.0
99.61634588241577,574.639984,0.0,0.0,42821.020798397345,0.0
99.79925441741943,575.597502,0.0,0.0,42892.373122173056,0.0
99.98236656188965,576.690698,0.0,0.0,42973.83589879168,0.0
100.16491866111755,576.508401,0.0,0.0,42960.25149143084,0.0
100.34530758857727,575.472305,0.0,0.0,42883.04369246025,0.0
100.52632427215576,574.0145,0.0,0.0,42774.41098334998,0.0
100.709876537323,577.131104,0.0,0.0,43006.65407192762,0.0
100.88471913337708,576.699941,0.0,0.0,42974.52466864109,0.0
101.06166124343872,575.559706,0.0,0.0,42889.55663994566,0.0
101.24221420288086,574.980241,0.0,0.0,42846.376068617814,0.0
101.52362298965454,574.932937,0.0,0.0,42842.851069271695,0.0
101.7064881324768,576.855356,0.0,0.0,42986.10588319748,0.0
101.88974022865295,575.974237,0.0,0.0,42920.44665990044,0.0
102.0709536075592,576.980647,0.0,0.0,42995.44231760203,0.0
102.25113892555237,578.847858,0.0,0.0,43134.583141930736,0.0
102.43256616592407,576.946374,0.0,0.0,42992.88836227924,0.0
102.61612701416016,577.085319,0.0,0.0,43003.24226541947,0.0
102.78990864753723,577.674463,0.0,0.0,43047.144096443546,0.0
102.97311663627625,575.836557,0.0,0.0,42910.18702202686,0.0
103.15316319465637,574.907151,0.0,0.0,42840.92954819232,0.0
103.43331956863403,575.960621,0.0,0.0,42919.43202284867,0.0
103.60248637199402,576.642974,0.0,0.0,42970.2796018867,0.0
103.78571510314941,575.208679,0.0,0.0,42863.39881089384,0.0
103.9659206867218,576.025605,0.0,0.0,42924.274500387735,0.0
104.14334392547607,574.895166,0.0,0.0,42840.036449994215,0.0
104.31953167915344,573.391936,0.0,0.0,42728.01876085483,0.0
104.50308537483215,575.837947,0.0,0.0,42910.290602043155,0.0
104.67918109893799,574.346014,0.0,0.0,42799.11474271969,0.0
104.85865044593811,570.02926,0.0,0.0,42477.438879636065,0.0
105.04347658157349,604.808245,0.0,0.0,45069.09919130723,0.0
105.32065391540527,613.435786,0.0,0.0,45712.00626858437,0.0
105.50377178192139,616.453667,0.0,0.0,45936.892716910756,0.0
105.68699336051941,616.705008,0.0,0.0,45955.62214487985,0.0
105.86731696128845,613.218394,0.0,0.0,45695.80665210693,0.0
106.05238699913025,615.729629,0.0,0.0,45882.93885515367,0.0
106.23496174812317,615.127967,0.0,0.0,45838.10420783889,0.0
106.4181592464447,616.977486,0.0,0.0,45975.92665975869,0.0
106.6012773513794,617.537685,0.0,0.0,46017.67156734981,0.0
106.78243112564087,619.093452,0.0,0.0,46133.604208515375,0.0
106.96150779724121,616.895013,0.0,0.0,45969.78093696417,0.0
107.22728705406189,617.632308,0.0,0.0,46024.72268381198,0.0
107.38449501991272,614.126306,0.0,0.0,45763.46243610666,0.0
107.54278254508972,616.078236,0.0,0.0,45908.9163506519,0.0
107.70009922981262,619.281345,0.0,0.0,46147.605618589325,0.0
107.85747146606445,617.758129,0.0,0.0,46034.09861275513,0.0
108.01476621627808,612.919769,0.0,0.0,45673.55371515166,0.0
108.17279386520386,614.717544,0.0,0.0,45807.52030781717,0.0
108.33065271377563,617.662041,0.0,0.0,46026.93832742685,0.0
108.48819875717163,614.613139,0.0,0.0,45799.740256305035,0.0
108.6457006931305,614.658908,0.0,0.0,45803.15087052523,0.0
108.87009453773499,617.112274,0.0,0.0,45985.97079158396,0.0
109.02763247489929,615.753688,0.0,0.0,45884.73168365163,0.0
109.18564486503601,617.179488,0.0,0.0,45990.979444257086,0.0
109.34310674667358,612.484108,0.0,0.0,45641.08912991311,0.0
109.50061178207397,618.150098,0.0,0.0,46063.307357653954,0.0
109.65830397605896,616.030825,0.0,0.0,45905.38337788008,0.0
109.81585884094238,622.384211,0.0,0.0,46378.82497891953,0.0
109.97333478927612,618.019708,0.0,0.0,46053.59095598098,0.0
110.13124752044678,620.914441,0.0,0.0,46269.300661971094,0.0
110.28955745697021,620.26474,0.0,0.0,46220.88624458217,0.0
110.51237511634827,621.48602,0.0,0.0,46311.89358437193,0.0
110.67010593414307,613.854766,0.0,0.0,45743.22781910933,0.0
110.82769680023193,619.870459,0.0,0.0,46191.50521407349,0.0
110.9851324558258,616.811799,0.0,0.0,45963.57999633364,0.0
111.14371418952942,615.28123,0.0,0.0,45849.52505966501,0.0
111.3022952079773,613.745061,0.0,0.0,45735.05282221127,0.0
111.4598696231842,619.367535,0.0,0.0,46154.02832477994,0.0
111.6173837184906,618.248173,0.0,0.0,46070.61571024296,0.0
111.77505540847778,620.716244,0.0,0.0,46254.53141845256,0.0
111.93265199661255,617.611733,0.0,0.0,46023.189476016734,0.0
112.15789914131165,620.541339,0.0,0.0,46241.49784812805,0.0
112.34019565582275,614.997592,0.0,0.0,45828.388923935876,0.0
112.52492952346802,616.953034,0.0,0.0,45974.104545687755,0.0
112.6997320652008,616.794415,0.0,0.0,45962.28457546791,0.0
112.87665820121765,617.738757,0.0,0.0,46032.65505011068,0.0
113.0568597316742,618.82964,0.0,0.0,46113.94546660147,0.0
113.24001121520996,619.694602,0.0,0.0,46178.400702615516,0.0
113.42302918434143,619.214199,0.0,0.0,46142.60203314003,0.0
113.6064121723175,619.46475,0.0,0.0,46161.272591891226,0.0
113.78883075714111,619.604688,0.0,0.0,46171.70049140281,0.0
114.0629014968872,618.824666,0.0,0.0,46113.574814082705,0.0
114.23848223686218,620.228858,0.0,0.0,46218.212389801665,0.0
114.42146301269531,619.173292,0.0,0.0,46139.55372542289,0.0
114.60517501831055,618.987209,0.0,0.0,46125.68719292412,0.0
114.7822437286377,619.521366,0.0,0.0,46165.49150282855,0.0
114.96381783485413,528.738186,0.0,0.0,39400.51073719383,0.0
115.13956069946289,206.110599,0.0,0.0,15358.9490677508,0.0
115.30353689193726,40.948907,0.0,0.0,3051.430542846873,0.0
115.47168469429016,8.061792,0.0,0.0,600.7485948007985,0.0
115.63672757148743,1.58716,0.0,0.0,118.2719846560213,0.0
115.90640640258789,0.312471,0.0,0.0,23.28471314640719,0.0
116.07853579521179,0.061518,0.0,0.0,4.584198160279442,0.0
116.24636363983154,0.012111,0.0,0.0,0.9024874657684632,0.0
116.41202020645142,0.002384,0.0,0.0,0.17765090565535596,0.0
116.57541108131409,0.000469,0.0,0.0,0.03494894075182968,0.0
116.73498845100403,9.2e-05,0.0,0.0,0.0068556557551563545,0.0
116.89779925346375,1.8e-05,0.0,0.0,0.0013413239520958086,0.0
117.06198501586914,4e-06,0.0,0.0,0.0002980719893546241,0.0
117.2237799167633,1e-06,0.0,0.0,7.451799733865603e-05,0.0
117.38605880737305,0.0,0.0,0.0,0.0,0.0
117.64992833137512,0.0,0.0,0.0,0.0,0.0
117.80708575248718,0.0,0.0,0.0,0.0,0.0
117.97023057937622,0.0,0.0,0.0,0.0,0.0
118.13312196731567,0.0,0.0,0.0,0.0,0.0
118.295982837677,0.0,0.0,0.0,0.0,0.0
118.45892643928528,0.0,0.0,0.0,0.0,0.0
118.6215193271637,0.0,0.0,0.0,0.0,0.0
118.78257703781128,0.0,0.0,0.0,0.0,0.0
118.94216084480286,0.0,0.0,0.0,0.0,0.0
119.10458016395569,0.0,0.0,0.0,0.0,0.0
119.36431813240051,0.0,0.0,0.0,0.0,0.0
119.51947021484375,0.0,0.0,0.0,0.0,0.0
119.68083357810974,0.0,0.0,0.0,0.0,0.0
119.83993172645569,0.0,0.0,0.0,0.0,0.0
120.00185680389404,0.0,0.0,0.0,0.0,0.0
120.16588997840881,0.0,0.0,0.0,0.0,0.0
120.331951379776,0.0,0.0,0.0,0.0,0.0
120.49654984474182,0.0,0.0,0.0,0.0,0.0
120.66113924980164,0.0,0.0,0.0,0.0,0.0
120.82621431350708,0.0,0.0,0.0,0.0,0.0
121.07626700401306,0.0,0.0,0.0,0.0,0.0
121.22581076622009,0.0,0.0,0.0,0.0,0.0
121.37537288665771,0.0,0.0,0.0,0.0,0.0
121.52462363243103,0.0,0.0,0.0,0.0,0.0
121.6738703250885,0.0,0.0,0.0,0.0,0.0
121.8230504989624,0.0,0.0,0.0,0.0,0.0
121.97226333618164,0.0,0.0,0.0,0.0,0.0
122.1214988231659,0.0,0.0,0.0,0.0,0.0
122.27112698554993,0.0,0.0,0.0,0.0,0.0
122.42035436630249,0.0,0.0,0.0,0.0,0.0
122.6339225769043,0.0,0.0,0.0,0.0,0.0
122.78320264816284,0.0,0.0,0.0,0.0,0.0
