t (s),Raw RPM,Filtered RPM,Revolutions,Torque,Power (W),N_Re,N_Po
0.0,498.670213,506.368,553,0.0,0.0,37733.52927638058,0.0
0.01,485.631475,503.257521,553,0.0,0.0,37501.74261053663,0.0
0.02,491.514901,501.496128,554,0.0,0.0,37370.4871316503,0.0
0.03,491.514901,499.998944,554,0.0,0.0,37258.919978322825,0.0
0.04,491.514901,498.726338,554,0.0,0.0,37164.087927801666,0.0
0.05,491.514901,497.644622,554,0.0,0.0,37083.48061779249,0.0
0.06,504.484305,498.670574,554,0.0,0.0,37159.93250619808,0.0
0.07,500.0,498.869988,554,0.0,0.0,37174.792438119366,0.0
0.08,503.04878,499.496807,554,0.0,0.0,37221.501734693185,0.0
0.09,503.259202,500.061166,554,0.0,0.0,37263.55663715323,0.0
0.1,504.278729,500.693801,554,0.0,0.0,37310.69933039957,0.0
0.11,503.516624,501.117224,554,0.0,0.0,37342.2519643867,0.0
0.12,489.343193,499.35112,555,0.0,0.0,37210.6454312149,0.0
0.13,489.982578,497.945838,555,0.0,0.0,37105.92663087884,0.0
0.14,489.982578,496.751349,555,0.0,0.0,37016.91570275579,0.0
0.15,489.982578,495.736034,555,0.0,0.0,36941.2564622879,0.0
0.16,489.982578,494.873015,555,0.0,0.0,36876.94601474269,0.0
0.17,501.336898,495.842598,555,0.0,0.0,36949.19739815629,0.0
0.18,491.773963,495.232303,555,0.0,0.0,36903.719436970496,0.0
0.19,499.878817,495.92928,555,0.0,0.0,36955.6567672016,0.0
0.2,509.51087,497.966518,555,0.0,0.0,37107.46766306381,0.0
0.21,509.992904,499.770476,555,0.0,0.0,37241.895000506855,0.0
0.22,502.7952,500.224185,556,0.0,0.0,37275.70448656138,0.0
0.23,493.421053,499.203715,556,0.0,0.0,37199.661105817206,0.0
0.24,493.421053,498.336316,556,0.0,0.0,37135.02426944365,0.0
0.25,493.421053,497.599026,556,0.0,0.0,37080.082895185835,0.0
0.26,493.421053,496.97233,556,0.0,0.0,37033.382764325695,0.0
0.27,499.429224,497.340864,556,0.0,0.0,37060.845179956894,0.0
0.28,496.509389,497.216143,556,0.0,0.0,37051.55122081082,0.0
0.29,503.29429,498.127865,556,0.0,0.0,37119.490918380405,0.0
0.3,500.0,498.408685,556,0.0,0.0,37140.417062393055,0.0
0.31,502.622378,499.040739,556,0.0,0.0,37187.516460682935,0.0
0.32,505.768882,500.04996,556,0.0,0.0,37262.721588475055,0.0
0.33,493.421053,499.055624,556,0.0,0.0,37188.62566107333,0.0
0.34,493.421053,498.210439,556,0.0,0.0,37125.64416749265,0.0
0.35000000000000003,493.421053,497.492031,556,0.0,0.0,37072.109842060585,0.0
0.36,493.421053,496.881384,556,0.0,0.0,37026.60565053972,0.0
0.37,494.57796,496.53587,556,0.0,0.0,37000.858639207254,0.0
0.38,497.611465,496.69721,556,0.0,0.0,37012.88137289787,0.0
0.39,495.793269,496.561619,557,0.0,0.0,37002.77740312073,0.0
0.4,495.5074,496.403486,557,0.0,0.0,36990.99364864757,0.0
0.41000000000000003,503.29429,497.437106,557,0.0,0.0,37068.01694105676,0.0
0.42,501.882769,498.103956,557,0.0,0.0,37117.70926758204,0.0
0.43,501.336898,498.588897,557,0.0,0.0,37153.84609972944,0.0
0.44,501.336898,499.001097,557,0.0,0.0,37184.56241823244,0.0
0.45,501.336898,499.351467,557,0.0,0.0,37210.67128895998,0.0
0.46,501.336898,499.649282,557,0.0,0.0,37232.8638663374,0.0
0.47000000000000003,501.039192,499.857769,557,0.0,0.0,37248.39990004854,0.0
0.48,494.462025,499.048407,557,0.0,0.0,37188.08786468653,0.0
0.49,489.20778,497.572313,557,0.0,0.0,37078.09229592292,0.0
0.5,493.147841,496.908642,557,0.0,0.0,37028.63686211118,0.0
0.51,494.325997,496.521245,558,0.0,0.0,36999.76881349618,0.0
0.52,505.493883,497.867141,558,0.0,0.0,37100.06228804229,0.0
0.53,517.955801,500.88044,558,0.0,0.0,37324.60729490486,0.0
0.54,517.955801,503.441744,558,0.0,0.0,37515.47053956036,0.0
0.55,517.955801,505.618853,558,0.0,0.0,37677.70434222832,0.0
0.56,517.955801,507.469395,558,0.0,0.0,37815.60302605938,0.0
0.5700000000000001,519.185127,509.226755,558,0.0,0.0,37946.55797386245,0.0
0.58,509.270194,509.233271,558,0.0,0.0,37947.04353313311,0.0
0.59,503.04878,508.305597,558,0.0,0.0,37877.91512446996,0.0
0.6,491.243795,505.746327,558,0.0,0.0,37687.20344942105,0.0
0.61,485.065851,502.644255,558,0.0,0.0,37456.04325638074,0.0
0.62,498.579545,502.034549,559,0.0,0.0,37410.60918629538,0.0
0.63,511.363636,503.433912,559,0.0,0.0,37514.886914605195,0.0
0.64,511.363636,504.623371,559,0.0,0.0,37603.52301720163,0.0
0.65,511.363636,505.634411,559,0.0,0.0,37678.86369323091,0.0
0.66,511.363636,506.493794,559,0.0,0.0,37742.90319333779,0.0
0.67,502.488515,505.893002,559,0.0,0.0,37698.13337668071,0.0
0.68,508.756783,506.32257,559,0.0,0.0,37730.14392376148,0.0
0.6900000000000001,506.161972,506.29848,559,0.0,0.0,37728.34878520559,0.0
0.7000000000000001,503.761419,505.917921,559,0.0,0.0,37699.990290656395,0.0
0.71,502.55848,505.414005,559,0.0,0.0,37662.439479509485,0.0
0.72,487.089997,502.665403,560,0.0,0.0,37457.61916298846,0.0
0.73,487.089997,500.329093,560,0.0,0.0,37283.52202062619,0.0
0.74,490.837696,498.905383,560,0.0,0.0,37177.43000263517,0.0
0.75,490.837696,497.69523,560,0.0,0.0,37087.2518246018,0.0
0.76,490.837696,496.6666,560,0.0,0.0,37010.60037699934,0.0
0.77,492.68018,496.068637,560,0.0,0.0,36966.04137175673,0.0
0.78,490.715354,495.265645,560,0.0,0.0,36906.204016037766,0.0
0.79,501.920391,496.263857,560,0.0,0.0,36980.588775197175,0.0
0.8,511.735808,498.584649,560,0.0,0.0,37153.52954727675,0.0
0.81,509.992904,500.295888,560,0.0,0.0,37281.04765052455,0.0
0.8200000000000001,501.426279,500.465446,561,0.0,0.0,37293.6827731173,0.0
0.8300000000000001,501.426279,500.609571,561,0.0,0.0,37304.42267948374,0.0
0.84,501.426279,500.732077,561,0.0,0.0,37313.5515812657,0.0
0.85,501.426279,500.836208,561,0.0,0.0,37321.31121484658,0.0
0.86,498.670213,500.511308,561,0.0,0.0,37297.10031751124,0.0
0.87,499.429224,500.348996,561,0.0,0.0,37285.00515232721,0.0
0.88,493.421053,499.309804,561,0.0,0.0,37207.56664563686,0.0
0.89,503.540039,499.944339,561,0.0,0.0,37254.85092307815,0.0
0.9,500.266809,499.99271,561,0.0,0.0,37258.45543312742,0.0
0.91,503.786028,500.561708,561,0.0,0.0,37300.856024577115,0.0
0.92,0.0,425.477452,562,0.0,0.0,31705.727635794152,0.0
0.93,0.0,361.655834,562,0.0,0.0,26949.868475521427,0.0
0.9400000000000001,0.0,307.407459,562,0.0,0.0,22907.38821164502,0.0
0.9500000000000001,498.670213,336.096872,562,0.0,0.0,25045.26581322662,0.0
0.96,498.670213,360.482873,562,0.0,0.0,26862.46177084508,0.0
0.97,498.670213,381.210974,562,0.0,0.0,28407.078345998474,0.0
0.98,498.670213,398.82986,562,0.0,0.0,29720.00244605656,0.0
0.99,498.670213,413.805913,562,0.0,0.0,30835.987923654124,0.0
1.0,498.670213,426.535558,562,0.0,0.0,31784.575575886163,0.0
1.01,504.032258,438.160063,562,0.0,0.0,32650.810408539357,0.0
1.02,1232.18077,557.263169,563,0.0,0.0,41526.13534447301,0.0
1.03,1232.18077,658.500809,563,0.0,0.0,49070.161532564845,0.0
1.04,1232.18077,744.552803,563,0.0,0.0,55482.58379244289,0.0
1.05,1232.18077,817.696998,563,0.0,0.0,60933.142720791024,0.0
1.06,1232.18077,879.869564,563,0.0,0.0,65566.11782851644,0.0
1.07,1232.18077,932.716245,563,0.0,0.0,69504.14666263123,0.0
1.08,1671.352167,1043.511633,563,0.0,0.0,77760.3970907506,0.0
1.09,1621.240602,1130.170979,563,0.0,0.0,84218.07800534829,0.0
1.1,1581.10119,1197.81051,564,0.0,0.0,89258.44039639422,0.0
1.11,1548.423423,1250.402447,564,0.0,0.0,93177.48621779498,0.0
1.12,1462.079587,1282.154018,565,0.0,0.0,95543.54970107114,0.0
1.1300000000000001,1462.079587,1309.142854,565,0.0,0.0,97554.70371029254,0.0
1.1400000000000001,1462.079587,1332.083364,565,0.0,0.0,99264.18457341997,0.0
1.1500000000000001,1462.079587,1351.582797,565,0.0,0.0,100717.24326981927,0.0
1.16,1385.46798,1356.665575,565,0.0,0.0,101096.00170729625,0.0
1.17,1362.781955,1357.583032,565,0.0,0.0,101164.3687655806,0.0
1.18,1327.969682,1353.141029,566,0.0,0.0,100833.35959784828,0.0
1.19,1296.843561,1344.696409,566,0.0,0.0,100204.08342716232,0.0
1.2,1266.258129,1332.930667,566,0.0,0.0,99327.32389611902,0.0
1.21,1237.238546,1318.576849,566,0.0,0.0,98257.70612459544,0.0
1.22,1151.13385,1293.460399,567,0.0,0.0,96386.07857033897,0.0
1.23,1085.069444,1262.201756,567,0.0,0.0,94056.74709445494,0.0
1.24,1085.069444,1235.631909,567,0.0,0.0,92076.81530642047,0.0
1.25,1085.069444,1213.047539,567,0.0,0.0,90393.87328286524,0.0
1.26,1080.345711,1193.142265,567,0.0,0.0,88910.57212790803,0.0
1.27,1054.6875,1172.37405,567,0.0,0.0,87362.96633780938,0.0
1.28,1026.630164,1150.512467,567,0.0,0.0,85733.88495399659,0.0
1.29,988.824711,1126.259304,568,0.0,0.0,83926.58781810859,0.0
1.3,959.498253,1101.245146,568,0.0,0.0,82062.58285883587,0.0
1.31,936.095856,1076.472753,568,0.0,0.0,80216.59374318972,0.0
1.32,857.731016,1043.661492,569,0.0,0.0,77771.56428331378,0.0
1.33,857.731016,1015.771921,569,0.0,0.0,75693.28930575952,0.0
1.34,857.731016,992.065785,569,0.0,0.0,73926.7555264017,0.0
1.35,857.731016,971.91557,569,0.0,0.0,72425.20185865834,0.0
1.36,775.70922,942.484617,569,0.0,0.0,70232.06618133024,0.0
1.37,756.811302,914.63362,569,0.0,0.0,68156.66566100533,0.0
1.3800000000000001,731.68429,887.19122,569,0.0,0.0,66111.712970839,0.0
1.3900000000000001,705.948795,860.004857,569,0.0,0.0,64085.83964515726,0.0
1.4000000000000001,683.446456,833.521096,569,0.0,0.0,62112.32281344165,0.0
1.41,656.578289,806.979675,569,0.0,0.0,60134.5092739995,0.0
1.42,574.381491,772.089948,570,0.0,0.0,57534.59669026708,0.0
1.43,574.381491,742.433679,570,0.0,0.0,55324.670915850606,0.0
1.44,574.381491,717.225851,570,0.0,0.0,53446.2340560333,0.0
1.45,574.381491,695.799197,570,0.0,0.0,51849.56271028501,0.0
1.46,505.050505,667.186893,570,0.0,0.0,49717.43111696019,0.0
1.47,476.130015,638.528362,570,0.0,0.0,47581.8547801724,0.0
1.48,456.96511,611.293874,570,0.0,0.0,45552.39527586873,0.0
1.49,431.086641,584.262789,570,0.0,0.0,43538.09295577775,0.0
1.5,409.493834,558.047446,570,0.0,0.0,41584.578095871795,0.0
1.51,390.051395,532.848038,570,0.0,0.0,39706.76867759209,0.0
1.52,320.689355,501.024236,570,0.0,0.0,37335.322684850165,0.0
1.53,320.689355,473.974004,570,0.0,0.0,35319.59356866414,0.0
1.54,320.689355,450.981306,570,0.0,0.0,33606.22376029162,0.0
1.55,320.689355,431.437514,570,0.0,0.0,32149.859520048376,0.0
1.56,255.151633,404.994632,570,0.0,0.0,30179.38890954598,0.0
1.57,226.230695,378.180041,570,0.0,0.0,28181.21928877083,0.0
1.58,202.241131,351.789205,570,0.0,0.0,26214.62704195792,0.0
1.59,168.78858,324.339111,570,0.0,0.0,24169.10101032006,0.0
1.6,148.888301,298.021489,570,0.0,0.0,22207.964524164305,0.0
1.61,129.346026,272.72017,570,0.0,0.0,20322.560902257817,0.0
1.62,71.198025,242.491848,571,0.0,0.0,18070.006883909784,0.0
1.6300000000000001,71.198025,216.797775,571,0.0,0.0,16155.336020476547,0.0
1.6400000000000001,71.198025,194.957812,571,0.0,0.0,14527.865715766202,0.0
1.6500000000000001,71.198025,176.393844,571,0.0,0.0,13144.515997747309,0.0
1.6600000000000001,71.198025,160.614472,571,0.0,0.0,11968.668797045644,0.0
1.67,71.198025,147.202005,571,0.0,0.0,10969.198616834832,0.0
1.68,71.198025,135.801408,571,0.0,0.0,10119.64895992974,0.0
1.69,71.198025,126.1109,571,0.0,0.0,9397.531710575515,0.0
1.7,71.198025,117.873969,571,0.0,0.0,8783.732108238824,0.0
1.71,71.198025,110.872578,571,0.0,0.0,8262.002472333934,0.0
1.72,71.198025,104.921395,571,0.0,0.0,7818.532233378079,0.0
1.73,71.198025,99.862889,571,0.0,0.0,7441.5824967325025,0.0
1.74,71.198025,95.56316,571,0.0,0.0,7121.175302553561,0.0
1.75,71.198025,91.90839,571,0.0,0.0,6848.82916142016,0.0
1.76,0.0,78.122131,571,0.0,0.0,5821.504749948137,0.0
1.77,43.972795,72.999731,571,0.0,0.0,5439.793760380606,0.0
1.78,135.021603,82.303012,571,0.0,0.0,6133.0556291793755,0.0
1.79,208.913649,101.294607,571,0.0,0.0,7548.271254846209,0.0
1.8,254.127649,124.219564,571,0.0,0.0,9256.593139561013,0.0
1.81,294.040774,149.692745,571,0.0,0.0,11154.803573526115,0.0
1.82,362.324066,181.587443,571,0.0,0.0,13531.532594207354,0.0
1.83,362.324066,208.697937,571,0.0,0.0,15551.752313949004,0.0
1.84,362.324066,231.741856,571,0.0,0.0,17268.939008663212,0.0
1.85,362.324066,251.329187,571,0.0,0.0,18728.54768799258,0.0
1.86,404.094828,274.244033,571,0.0,0.0,20436.116121236293,0.0
1.87,422.932331,296.547278,571,0.0,0.0,22098.109272789687,0.0
1.8800000000000001,448.90373,319.400746,571,0.0,0.0,23801.10394039275,0.0
1.8900000000000001,459.108717,340.356941,571,0.0,0.0,25362.717623631106,0.0
1.9000000000000001,461.141171,358.474576,571,0.0,0.0,26712.80750034385,0.0
1.9100000000000001,462.506167,374.079314,571,0.0,0.0,27875.641325098273,0.0
1.92,473.78189,389.034701,572,0.0,0.0,28990.086813762842,0.0
1.93,473.78189,401.746779,572,0.0,0.0,29937.365408335634,0.0
1.94,473.78189,412.552046,572,0.0,0.0,30742.552265885108,0.0
1.95,488.28125,423.911427,572,0.0,0.0,31589.03058901188,0.0
1.96,488.28125,433.5669,572,0.0,0.0,32308.53710032934,0.0
1.97,488.28125,441.774053,572,0.0,0.0,32920.117705741286,0.0
1.98,488.28125,448.750132,572,0.0,0.0,33439.96114209755,0.0
1.99,490.837696,455.063267,572,0.0,0.0,33910.40331922612,0.0
2.0,495.317003,461.101327,572,0.0,0.0,34360.34745823677,0.0
2.0100000000000002,502.745148,467.3479,572,0.0,0.0,34825.82956842648,0.0
2.02,497.577016,471.882268,573,0.0,0.0,35163.72159098297,0.0
2.0300000000000002,497.577016,475.73648,573,0.0,0.0,35450.92975054158,0.0
2.04,497.577016,479.01256,573,0.0,0.0,35695.05667126281,0.0
2.05,497.577016,481.797229,573,0.0,0.0,35902.564628393855,0.0
2.06,493.792325,483.596493,573,0.0,0.0,36036.64217835738,0.0
2.07,492.92689,484.996053,573,0.0,0.0,36140.934586712676,0.0
2.08,501.580739,487.483756,573,0.0,0.0,36326.31323224605,0.0
2.09,502.488515,489.73447,573,0.0,0.0,36494.03193210812,0.0
2.1,504.032258,491.879138,573,0.0,0.0,36653.848296424425,0.0
2.11,508.004926,494.298006,573,0.0,0.0,36834.097495610986,0.0
2.12,504.326979,495.802352,573,0.0,0.0,36946.1983468354,0.0
2.13,504.326979,497.081046,573,0.0,0.0,37041.484062924355,0.0
2.14,504.326979,498.167936,573,0.0,0.0,37122.47692905177,0.0
2.15,504.326979,499.091793,573,0.0,0.0,37191.320902519066,0.0
2.16,488.28125,497.470211,573,0.0,0.0,37070.483859358654,0.0
2.17,492.68018,496.751707,573,0.0,0.0,37016.94238019884,0.0
2.18,493.668506,496.289226,574,0.0,0.0,36982.479222271664,0.0
2.19,496.156754,496.269356,574,0.0,0.0,36980.998549664546,0.0
2.2,501.720183,497.08698,574,0.0,0.0,37041.92625272056,0.0
2.21,501.336898,497.724468,574,0.0,0.0,37089.43058180799,0.0
2.22,506.845134,499.092568,574,0.0,0.0,37191.37865396701,0.0
2.23,506.845134,500.255453,574,0.0,0.0,37278.03451530217,0.0
2.24,506.845134,501.243905,574,0.0,0.0,37351.69197880756,0.0
2.25,506.845134,502.084089,574,0.0,0.0,37414.30080788354,0.0
2.2600000000000002,508.773517,503.087503,574,0.0,0.0,37489.07320966511,0.0
2.27,500.954198,502.767508,574,0.0,0.0,37465.227823106725,0.0
2.2800000000000002,491.20509,501.033145,574,0.0,0.0,37335.98656568845,0.0
2.29,490.715354,499.485476,574,0.0,0.0,37220.65737126534,0.0
2.3000000000000003,492.68018,498.464682,575,0.0,0.0,37144.58984669002,0.0
2.31,493.421053,497.708137,575,0.0,0.0,37088.213628393445,0.0
2.32,503.159626,498.525861,575,0.0,0.0,37149.148783249206,0.0
2.33,503.159626,499.220926,575,0.0,0.0,37200.9436350694,0.0
2.34,503.159626,499.811731,575,0.0,0.0,37244.969240487066,0.0
2.35,503.159626,500.313915,575,0.0,0.0,37282.390986462575,0.0
2.36,513.980263,502.363867,575,0.0,0.0,37435.14930414296,0.0
2.37,509.007897,503.360472,575,0.0,0.0,37509.414312880646,0.0
2.38,504.548949,503.538743,575,0.0,0.0,37522.6987107842,0.0
2.39,493.916207,502.095363,575,0.0,0.0,37415.14092378554,0.0
2.4,487.073231,499.842043,575,0.0,0.0,37247.22803002239,0.0
2.41,490.470852,498.436364,575,0.0,0.0,37142.47964604138,0.0
2.42,498.900972,498.506056,576,0.0,0.0,37147.67295431192,0.0
2.43,498.900972,498.565293,576,0.0,0.0,37152.087176920264,0.0
2.44,498.900972,498.615645,576,0.0,0.0,37155.83930712225,0.0
2.45,498.900972,498.658444,576,0.0,0.0,37159.028602890365,0.0
2.46,503.671203,499.410358,576,0.0,0.0,37215.05972834125,0.0
2.47,508.756783,500.812322,576,0.0,0.0,37319.531277962145,0.0
2.48,506.365741,501.645334,576,0.0,0.0,37381.605663961214,0.0
2.49,506.756757,502.412048,576,0.0,0.0,37438.739655772726,0.0
2.5,501.976033,502.346646,576,0.0,0.0,37433.86602971079,0.0
2.5100000000000002,494.130331,501.114198,576,0.0,0.0,37342.026472926744,0.0
2.52,490.495291,499.521362,577,0.0,0.0,37223.331524117835,0.0
2.5300000000000002,490.495291,498.167452,577,0.0,0.0,37122.440862341056,0.0
2.54,490.495291,497.016628,577,0.0,0.0,37036.683762571796,0.0
2.5500000000000003,490.495291,496.038427,577,0.0,0.0,36963.79018305712,0.0
2.56,498.316797,496.380183,577,0.0,0.0,36989.25715575559,0.0
2.57,498.92296,496.761599,577,0.0,0.0,37017.67951222851,0.0
2.58,501.209267,497.428749,577,0.0,0.0,37067.394194153,0.0
2.59,509.51087,499.241067,577,0.0,0.0,37202.4445020538,0.0
2.6,510.519802,500.932878,577,0.0,0.0,37328.51486964931,0.0
2.61,507.754801,501.956166,577,0.0,0.0,37404.76824210999,0.0
2.62,495.274712,500.953948,578,0.0,0.0,37330.08496385322,0.0
2.63,495.274712,500.102063,578,0.0,0.0,37266.60419969039,0.0
2.64,478.316327,496.834202,578,0.0,0.0,37023.08974238929,0.0
2.65,478.316327,494.056521,578,0.0,0.0,36816.10251702365,0.0
2.66,491.695804,493.702413,578,0.0,0.0,36789.71509802206,0.0
2.67,492.433717,493.512109,578,0.0,0.0,36775.53402505652,0.0
2.68,502.80351,494.905819,578,0.0,0.0,36879.39050312739,0.0
2.69,502.745148,496.081718,578,0.0,0.0,36967.01614167991,0.0
2.7,505.267026,497.459515,578,0.0,0.0,37069.68681485912,0.0
2.71,508.458161,499.109312,578,0.0,0.0,37192.62638331444,0.0
2.72,505.024907,499.996651,578,0.0,0.0,37258.749108554926,0.0
2.73,505.024907,500.750889,578,0.0,0.0,37314.95341383164,0.0
2.74,505.024907,501.391992,578,0.0,0.0,37362.72712547944,0.0
2.75,505.024907,501.936929,578,0.0,0.0,37403.334739395184,0.0
2.7600000000000002,489.300626,500.041484,578,0.0,0.0,37262.08997392961,0.0
2.77,493.173848,499.011338,578,0.0,0.0,37185.325557043194,0.0
2.7800000000000002,493.916207,498.247069,579,0.0,0.0,37128.373761735165,0.0
2.79,496.156754,497.933522,579,0.0,0.0,37105.008867223616,0.0
2.8000000000000003,502.488515,498.61677,579,0.0,0.0,37155.923139869265,0.0
2.81,500.849927,498.951744,579,0.0,0.0,37180.88473150979,0.0
2.82,506.491809,500.082754,579,0.0,0.0,37265.165331679775,0.0
2.83,506.491809,501.044112,579,0.0,0.0,37336.80380456527,0.0
2.84,506.491809,501.861267,579,0.0,0.0,37397.696558680545,0.0
2.85,506.491809,502.555848,579,0.0,0.0,37449.455343790025,0.0
2.86,508.40564,503.433317,579,0.0,0.0,37514.84257639677,0.0
2.87,499.682741,502.87073,579,0.0,0.0,37472.919719828016,0.0
2.88,491.20509,501.120884,579,0.0,0.0,37342.52470025695,0.0
2.89,490.9601,499.596767,579,0.0,0.0,37228.95055370715,0.0
2.9,492.433717,498.522309,580,0.0,0.0,37148.88409532266,0.0
2.91,493.668506,497.794239,580,0.0,0.0,37094.6297770003,0.0
2.92,508.094775,499.339319,580,0.0,0.0,37209.76604432832,0.0
2.93,501.336898,499.638956,580,0.0,0.0,37232.094393496875,0.0
2.94,501.336898,499.893647,580,0.0,0.0,37251.073456757054,0.0
2.95,501.336898,500.110135,580,0.0,0.0,37267.20570896491,0.0
2.96,501.336898,500.294149,580,0.0,0.0,37280.91806372718,0.0
2.97,501.336898,500.450562,580,0.0,0.0,37292.57364724491,0.0
2.98,501.336898,500.583512,580,0.0,0.0,37302.48081499109,0.0
2.99,508.773517,501.812013,580,0.0,0.0,37394.02624923962,0.0
3.0,496.406959,501.001255,580,0.0,0.0,37333.61018675333,0.0
3.0100000000000002,493.185079,499.828828,581,0.0,0.0,37246.24327468756,0.0
3.02,494.462025,499.023808,581,0.0,0.0,37186.254796469984,0.0
3.0300000000000002,494.462025,498.339541,581,0.0,0.0,37135.26458998506,0.0
3.04,494.462025,497.757913,581,0.0,0.0,37091.92283622898,0.0
3.0500000000000003,494.462025,497.26353,581,0.0,0.0,37055.0824051507,0.0
3.06,495.856841,497.052527,581,0.0,0.0,37039.35888415826,0.0
3.0700000000000003,503.786028,498.062552,581,0.0,0.0,37114.62392442024,0.0
3.08,506.365741,499.30803,581,0.0,0.0,37207.43445070958,0.0
3.09,505.514706,500.239032,581,0.0,0.0,37276.81085526787,0.0
3.1,504.807692,500.924331,581,0.0,0.0,37327.87796432606,0.0
3.11,496.031746,500.190443,581,0.0,0.0,37273.190100295185,0.0
3.12,491.581216,498.899059,582,0.0,0.0,37176.95875082,0.0
3.13,491.581216,497.801383,582,0.0,0.0,37095.16213357329,0.0
3.14,491.581216,496.868358,582,0.0,0.0,37025.6349791064,0.0
3.15,491.581216,496.075287,582,0.0,0.0,36966.53691643902,0.0
3.16,498.670213,496.464525,582,0.0,0.0,36995.54215268713,0.0
3.17,497.913505,496.681872,582,0.0,0.0,37011.738415854685,0.0
3.18,500.190549,497.208174,582,0.0,0.0,37050.957386890026,0.0
3.19,508.004926,498.827687,582,0.0,0.0,37171.64025231395,0.0
3.2,509.259259,500.392423,582,0.0,0.0,37288.241245397636,0.0
3.21,507.933437,501.523575,582,0.0,0.0,37372.53242712326,0.0
3.22,495.254267,500.583179,583,0.0,0.0,37302.45600049798,0.0
3.23,495.254267,499.783842,583,0.0,0.0,37242.89100805929,0.0
3.24,495.254267,499.104406,583,0.0,0.0,37192.260798019495,0.0
3.25,495.254267,498.526885,583,0.0,0.0,37149.22508967848,0.0
3.2600000000000002,491.009078,497.399214,583,0.0,0.0,37065.193305101595,0.0
3.27,491.450325,496.50688,583,0.0,0.0,36998.69836246441,0.0
3.2800000000000002,502.488515,497.404125,583,0.0,0.0,37065.55926298653,0.0
3.29,503.29429,498.28765,583,0.0,0.0,37131.39777658516,0.0
3.3000000000000003,505.066701,499.304508,583,0.0,0.0,37207.17199832295,0.0
3.31,508.505917,500.684719,583,0.0,0.0,37310.02255794774,0.0
3.3200000000000003,504.382159,501.239335,583,0.0,0.0,37351.35143155972,0.0
3.33,504.382159,501.710759,583,0.0,0.0,37386.48100393709,0.0
3.34,504.382159,502.111469,583,0.0,0.0,37416.34111065067,0.0
3.35,504.382159,502.452072,583,0.0,0.0,37441.7221640982,0.0
3.36,488.644825,500.380985,583,0.0,0.0,37287.38890854409,0.0
3.37,492.92689,499.262871,583,0.0,0.0,37204.06929246778,0.0
3.38,496.908127,498.909659,584,0.0,0.0,37177.74864159179,0.0
3.39,498.911466,498.90993,584,0.0,0.0,37177.768835969066,0.0
3.4,505.585516,499.911268,584,0.0,0.0,37252.386538388164,0.0
3.41,501.824818,500.198301,584,0.0,0.0,37273.77566271827,0.0
3.42,505.904027,501.05416,584,0.0,0.0,37337.55256140253,0.0
3.43,505.904027,501.78164,584,0.0,0.0,37391.76291410645,0.0
3.44,505.904027,502.399998,584,0.0,0.0,37437.841713904796,0.0
3.45,505.904027,502.925602,584,0.0,0.0,37477.00867137799,0.0
3.46,504.755922,503.20015,584,0.0,0.0,37497.46743851132,0.0
3.47,497.66178,502.369395,584,0.0,0.0,37435.56123963224,0.0
3.48,490.226594,500.547974,584,0.0,0.0,37299.83259440167,0.0
3.49,491.941529,499.257008,584,0.0,0.0,37203.63239344937,0.0
3.5,493.916207,498.455888,585,0.0,0.0,37143.93453542143,0.0
3.5100000000000002,495.906801,498.073525,585,0.0,0.0,37115.441610405025,0.0
3.52,504.265471,499.002317,585,0.0,0.0,37184.65333018919,0.0
3.5300000000000002,504.265471,499.79179,585,0.0,0.0,37243.48327710213,0.0
3.54,504.265471,500.462842,585,0.0,0.0,37293.48872825223,0.0
3.5500000000000003,504.265471,501.033236,585,0.0,0.0,37335.99334682622,0.0
3.56,513.604821,502.918974,585,0.0,0.0,37476.51476609162,0.0
3.5700000000000003,509.259259,503.870017,585,0.0,0.0,37547.38458583457,0.0
3.58,503.786028,503.857419,585,0.0,0.0,37546.445808104094,0.0
3.59,492.92689,502.217839,585,0.0,0.0,37424.267590027586,0.0
3.6,486.255187,499.823441,585,0.0,0.0,37245.8418462359,0.0
3.61,489.439962,498.26592,586,0.0,0.0,37129.778500503,0.0
3.62,500.42527,498.589822,586,0.0,0.0,37153.91502887699,0.0
3.63,500.42527,498.865139,586,0.0,0.0,37174.431100350266,0.0
3.64,500.42527,499.099159,586,0.0,0.0,37191.869802087465,0.0
3.65,500.42527,499.298075,586,0.0,0.0,37206.692624046074,0.0
3.66,504.032258,500.008203,586,0.0,0.0,37259.60994046018,0.0
3.67,508.756783,501.32049,586,0.0,0.0,37357.398939633735,0.0
3.68,506.259205,502.061297,586,0.0,0.0,37412.60239368819,0.0
3.69,504.290471,502.395673,586,0.0,0.0,37437.5194235663,0.0
3.7,500.849927,502.163811,586,0.0,0.0,37420.24153166736,0.0
3.71,493.421053,500.852398,586,0.0,0.0,37322.51766122349,0.0
3.72,490.720914,499.332675,587,0.0,0.0,37209.270946754,0.0
3.73,504.032258,500.037612,587,0.0,0.0,37261.80144024392,0.0
3.74,504.032258,500.636809,587,0.0,0.0,37306.45240069525,0.0
3.75,504.032258,501.146127,587,0.0,0.0,37344.405758063775,0.0
3.7600000000000002,498.670213,500.77474,587,0.0,0.0,37316.730742586165,0.0
3.77,498.92296,500.496973,587,0.0,0.0,37296.0321020194,0.0
3.7800000000000002,500.849927,500.549916,587,0.0,0.0,37299.97730835251,0.0
3.79,506.626351,501.461381,587,0.0,0.0,37367.89785479678,0.0
3.8000000000000003,508.255298,502.480469,587,0.0,0.0,37443.838251668625,0.0
3.81,507.255288,503.196691,587,0.0,0.0,37497.209680758526,0.0
3.8200000000000003,493.657252,501.765776,588,0.0,0.0,37390.58076059668,0.0
3.83,493.657252,500.549497,588,0.0,0.0,37299.94608531162,0.0
3.84,493.657252,499.51566,588,0.0,0.0,37222.90662249701,0.0
3.85,479.948805,496.580632,588,0.0,0.0,37004.19421380412,0.0
3.86,492.988606,496.041828,588,0.0,0.0,36964.04361876607,0.0
3.87,493.668506,495.68583,588,0.0,0.0,36937.5153607495,0.0
3.88,504.278729,496.974765,588,0.0,0.0,37033.5642156492,0.0
3.89,505.762629,498.292944,588,0.0,0.0,37131.79227486309,0.0
3.9,505.845324,499.425801,588,0.0,0.0,37216.21050977416,0.0
3.91,509.51087,500.938561,588,0.0,0.0,37328.93835542819,0.0
3.92,497.781927,500.465066,589,0.0,0.0,37293.65445627831,0.0
3.93,493.421053,499.408464,589,0.0,0.0,37214.918591254296,0.0
3.94,493.421053,498.510352,589,0.0,0.0,37147.99308362849,0.0
3.95,493.421053,497.746957,589,0.0,0.0,37091.10641705014,0.0
3.96,493.421053,497.098072,589,0.0,0.0,37042.752806347045,0.0
3.97,493.421053,496.546519,589,0.0,0.0,37001.652181360914,0.0
3.98,493.421053,496.077699,589,0.0,0.0,36966.7166538486,0.0
3.99,484.496124,494.340463,589,0.0,0.0,36837.26130622399,0.0
4.0,500.849927,495.316882,589,0.0,0.0,36910.02209466741,0.0
4.01,503.259202,496.50823,589,0.0,0.0,36998.798961760825,0.0
4.0200000000000005,512.501439,498.907212,589,0.0,0.0,37177.56629605231,0.0
4.03,512.501439,500.946346,589,0.0,0.0,37329.518478037455,0.0
4.04,512.501439,502.67961,589,0.0,0.0,37458.67784017665,0.0
4.05,512.501439,504.152884,589,0.0,0.0,37568.463268187756,0.0
4.0600000000000005,512.481778,505.402218,589,0.0,0.0,37661.56113587486,0.0
4.07,503.516624,505.119379,589,0.0,0.0,37640.48454002559,0.0
4.08,493.668506,503.401748,589,0.0,0.0,37512.490117738795,0.0
4.09,491.695804,501.645856,589,0.0,0.0,37381.644562355825,0.0
4.1,493.173848,500.375055,590,0.0,0.0,37286.94701681986,0.0
4.11,494.841651,499.545044,590,0.0,0.0,37225.09625933081,0.0
4.12,503.620227,500.156322,590,0.0,0.0,37270.64747170799,0.0
4.13,503.620227,500.675907,590,0.0,0.0,37309.36590535519,0.0
4.14,503.620227,501.117555,590,0.0,0.0,37342.27662984382,0.0
4.15,503.620227,501.492956,590,0.0,0.0,37370.25076056275,0.0
4.16,513.604821,503.309736,590,0.0,0.0,37505.63356776767,0.0
4.17,508.505917,504.089163,590,0.0,0.0,37563.714906879344,0.0
4.18,503.516624,504.003282,590,0.0,0.0,37557.3152267499,0.0
4.19,493.657252,502.451378,590,0.0,0.0,37441.670448608056,0.0
4.2,486.255187,500.021949,590,0.0,0.0,37260.63426485159,0.0
4.21,489.495276,498.442948,590,0.0,0.0,37142.97027253587,0.0
4.22,500.92926,498.815895,591,0.0,0.0,37170.76153608932,0.0
4.23,500.92926,499.1329,591,0.0,0.0,37194.38411383566,0.0
4.24,500.92926,499.402354,591,0.0,0.0,37214.46328629056,0.0
4.25,500.92926,499.63139,591,0.0,0.0,37231.530590329014,0.0
4.26,502.591137,500.075352,591,0.0,0.0,37264.61374946347,0.0
4.2700000000000005,509.762729,501.528458,591,0.0,0.0,37372.89629850426,0.0
4.28,507.754801,502.46241,591,0.0,0.0,37442.49253115468,0.0
4.29,503.002044,502.543355,591,0.0,0.0,37448.524390449275,0.0
4.3,500.44484,502.228578,591,0.0,0.0,37425.067838801,0.0
4.3100000000000005,492.68018,500.796318,591,0.0,0.0,37318.33869193274,0.0
4.32,491.771386,499.442578,592,0.0,0.0,37217.46069821551,0.0
4.33,491.771386,498.291899,592,0.0,0.0,37131.71440355585,0.0
4.34,491.771386,497.313822,592,0.0,0.0,37058.830064272865,0.0
4.3500000000000005,491.771386,496.482457,592,0.0,0.0,36996.87840941541,0.0
4.36,501.158232,497.183823,592,0.0,0.0,37049.14279913683,0.0
4.37,500.69939,497.711158,592,0.0,0.0,37088.43874726341,0.0
4.38,502.80351,498.475011,592,0.0,0.0,37145.35954308454,0.0
4.39,507.148377,499.776016,592,0.0,0.0,37242.30783021211,0.0
4.4,506.756757,500.823127,592,0.0,0.0,37320.33644492339,0.0
4.41,506.259205,501.638539,592,0.0,0.0,37381.099314169296,0.0
4.42,494.164157,500.517381,593,0.0,0.0,37297.55286530909,0.0
4.43,494.164157,499.564398,593,0.0,0.0,37226.538480651296,0.0
4.44,494.164157,498.754361,593,0.0,0.0,37166.17614564109,0.0
4.45,494.164157,498.065831,593,0.0,0.0,37114.868268933504,0.0
4.46,494.164157,497.48058,593,0.0,0.0,37071.256536473054,0.0
4.47,493.185079,496.836255,593,0.0,0.0,37023.24272783782,0.0
4.48,501.976033,497.607221,593,0.0,0.0,37080.69357017402,0.0
4.49,502.55848,498.34991,593,0.0,0.0,37136.03726709948,0.0
4.5,504.548949,499.279766,593,0.0,0.0,37205.32827403281,0.0
4.51,508.505917,500.663689,593,0.0,0.0,37308.45544446371,0.0
4.5200000000000005,504.574812,501.250357,593,0.0,0.0,37352.172768926386,0.0
4.53,486.591696,499.051558,593,0.0,0.0,37188.32267089614,0.0
4.54,486.591696,497.182578,593,0.0,0.0,37049.050024230135,0.0
4.55,486.591696,495.593946,593,0.0,0.0,36930.668349082036,0.0
4.5600000000000005,491.20509,494.935618,593,0.0,0.0,36881.611064930075,0.0
4.57,495.158451,494.969043,594,0.0,0.0,36884.10182899112,0.0
4.58,497.707529,495.379816,594,0.0,0.0,36914.71181031192,0.0
4.59,497.410308,495.684389,594,0.0,0.0,36937.40798031534,0.0
4.6000000000000005,503.747172,496.893807,594,0.0,0.0,37027.53138762067,0.0
4.61,501.336898,497.560271,594,0.0,0.0,37077.19495019897,0.0
4.62,503.682842,498.478656,594,0.0,0.0,37145.631161184836,0.0
4.63,503.682842,499.259284,594,0.0,0.0,37203.80199641132,0.0
4.64,503.682842,499.922818,594,0.0,0.0,37253.24722125742,0.0
4.65,503.682842,500.486822,594,0.0,0.0,37295.275669828414,0.0
4.66,503.671203,500.964479,594,0.0,0.0,37330.8697128832,0.0
4.67,496.908127,500.356026,594,0.0,0.0,37285.52901384851,0.0
4.68,490.226594,498.836611,594,0.0,0.0,37172.30525092219,0.0
4.69,492.92689,497.950153,594,0.0,0.0,37106.248176037356,0.0
4.7,496.406959,497.718674,595,0.0,0.0,37088.99882453141,0.0
4.71,497.913505,497.747899,595,0.0,0.0,37091.176613003634,0.0
4.72,504.790991,498.804363,595,0.0,0.0,37169.90219454402,0.0
4.73,504.790991,499.702357,595,0.0,0.0,37236.818909046146,0.0
4.74,504.790991,500.465652,595,0.0,0.0,37293.69812382475,0.0
4.75,504.790991,501.114453,595,0.0,0.0,37342.04547501607,0.0
4.76,512.85558,502.875622,595,0.0,0.0,37473.284261871,0.0
4.7700000000000005,508.004926,503.645018,595,0.0,0.0,37530.61811095136,0.0
4.78,502.232143,503.433086,595,0.0,0.0,37514.825362739386,0.0
4.79,493.421053,501.931281,595,0.0,0.0,37402.913861746216,0.0
4.8,486.111111,499.558256,595,0.0,0.0,37226.08079111164,0.0
4.8100000000000005,489.251988,498.012316,595,0.0,0.0,37110.88043830593,0.0
4.82,500.754761,498.423682,596,0.0,0.0,37141.53460879914,0.0
4.83,500.754761,498.773344,596,0.0,0.0,37167.590720784574,0.0
4.84,500.754761,499.070557,596,0.0,0.0,37189.73843832758,0.0
4.8500000000000005,500.754761,499.323187,596,0.0,0.0,37208.56391999525,0.0
4.86,504.755922,500.138098,596,0.0,0.0,37269.28945572449,0.0
4.87,509.259259,501.506272,596,0.0,0.0,37371.24304221531,0.0
4.88,508.195663,502.509681,596,0.0,0.0,37446.015071406895,0.0
4.89,504.52544,502.812045,596,0.0,0.0,37468.5466311542,0.0
4.9,500.190549,502.41882,596,0.0,0.0,37439.2442916507,0.0
4.91,492.1875,500.884122,596,0.0,0.0,37324.88167017107,0.0
4.92,494.619924,499.944492,597,0.0,0.0,37254.86232433174,0.0
4.93,494.619924,499.145807,597,0.0,0.0,37195.34591762731,0.0
4.94,494.619924,498.466925,597,0.0,0.0,37144.756990558046,0.0
4.95,494.619924,497.889874,597,0.0,0.0,37101.75630567579,0.0
4.96,494.619924,497.399382,597,0.0,0.0,37065.20582412514,0.0
4.97,494.619924,496.982463,597,0.0,0.0,37034.13785519272,0.0
4.98,501.336898,497.635628,597,0.0,0.0,37082.81040292443,0.0
4.99,505.731625,498.850028,597,0.0,0.0,37173.30505889248,0.0
5.0,506.105398,499.938333,597,0.0,0.0,37254.40336798613,0.0
5.01,507.0059,500.998468,597,0.0,0.0,37333.40250509475,0.0
5.0200000000000005,495.599512,500.188625,598,0.0,0.0,37273.05462657602,0.0
5.03,495.599512,499.500258,598,0.0,0.0,37221.758896301995,0.0
5.04,495.599512,498.915146,598,0.0,0.0,37178.15752184318,0.0
5.05,495.599512,498.417801,598,0.0,0.0,37141.09636845679,0.0
5.0600000000000005,492.310578,497.501717,598,0.0,0.0,37072.8316233828,0.0
5.07,492.68018,496.778487,598,0.0,0.0,37018.937972167565,0.0
5.08,503.04878,497.719031,598,0.0,0.0,37089.02542745646,0.0
5.09,503.259202,498.550057,598,0.0,0.0,37150.95182071281,0.0
5.1000000000000005,505.019589,499.520486,598,0.0,0.0,37223.26624635217,0.0
5.11,509.762729,501.056823,598,0.0,0.0,37337.75100282945,0.0
5.12,503.326331,501.397249,598,0.0,0.0,37363.11886659145,0.0
5.13,503.326331,501.686611,598,0.0,0.0,37384.68154333736,0.0
5.14,503.326331,501.932569,598,0.0,0.0,37403.00984092678,0.0
5.15,503.326331,502.141633,598,0.0,0.0,37418.5888715224,0.0
5.16,487.266112,499.910305,598,0.0,0.0,37252.31477755673,0.0
5.17,492.1875,498.751884,598,0.0,0.0,37165.991564561686,0.0
5.18,495.40765,498.250249,599,0.0,0.0,37128.6107289667,0.0
5.19,496.908127,498.048931,599,0.0,0.0,37113.60891477848,0.0
5.2,506.365741,499.296452,599,0.0,0.0,37206.57168133639,0.0
5.21,504.772394,500.117844,599,0.0,0.0,37267.780168206395,0.0
5.22,506.315331,501.047467,599,0.0,0.0,37337.05381244634,0.0
5.23,506.315331,501.837646,599,0.0,0.0,37395.936369065406,0.0
5.24,506.315331,502.509299,599,0.0,0.0,37445.98660553191,0.0
5.25,506.315331,503.080204,599,0.0,0.0,37488.529302802526,0.0
5.26,505.481668,503.440423,599,0.0,0.0,37515.372101285866,0.0
5.2700000000000005,495.906801,502.31038,599,0.0,0.0,37431.1635600193,0.0
5.28,488.28125,500.206011,599,0.0,0.0,37274.350196477746,0.0
5.29,491.20509,498.855872,599,0.0,0.0,37173.740542068925,0.0
5.3,494.909502,498.263917,600,0.0,0.0,37129.62924095433,0.0
5.3100000000000005,497.410308,498.135876,600,0.0,0.0,37120.08788205709,0.0
5.32,504.498901,499.090329,600,0.0,0.0,37191.21180817096,0.0
5.33,504.498901,499.901615,600,0.0,0.0,37251.667216159854,0.0
5.34,504.498901,500.591208,600,0.0,0.0,37303.054305498605,0.0
5.3500000000000005,504.498901,501.177362,600,0.0,0.0,37346.733327710645,0.0
5.36,513.980263,503.097797,600,0.0,0.0,37489.84029792971,0.0
5.37,508.004926,503.833866,600,0.0,0.0,37544.69068571278,0.0
5.38,503.04878,503.716103,600,0.0,0.0,37535.91522279219,0.0
5.39,493.421053,502.171846,600,0.0,0.0,37420.840283775986,0.0
5.4,488.039167,500.051944,600,0.0,0.0,37262.869432181775,0.0
5.41,489.982578,498.541539,601,0.0,0.0,37150.317076411484,0.0
5.42,500.266809,498.80033,601,0.0,0.0,37169.601663460744,0.0
5.43,504.032258,499.585119,601,0.0,0.0,37228.08256807416,0.0
5.44,504.032258,500.25219,601,0.0,0.0,37277.79136307685,0.0
5.45,504.032258,500.8192,601,0.0,0.0,37320.04381274785,0.0
5.46,504.032258,501.301159,601,0.0,0.0,37355.958432227184,0.0
5.47,507.0059,502.15687,601,0.0,0.0,37419.72430224784,0.0
5.48,506.626351,502.827292,601,0.0,0.0,37469.68280705961,0.0
5.49,503.540039,502.934204,601,0.0,0.0,37477.649675191096,0.0
5.5,501.976033,502.790478,601,0.0,0.0,37466.9395015056,0.0
5.51,492.92689,501.31094,601,0.0,0.0,37356.687292759154,0.0
5.5200000000000005,492.256637,499.952795,602,0.0,0.0,37255.481047263645,0.0
5.53,492.256637,498.798371,602,0.0,0.0,37169.45568270396,0.0
5.54,492.256637,497.817111,602,0.0,0.0,37096.334152635434,0.0
5.55,498.670213,497.945076,602,0.0,0.0,37105.86984816486,0.0
5.5600000000000005,499.078624,498.115108,602,0.0,0.0,37118.54029228836,0.0
5.57,499.936516,498.38832,602,0.0,0.0,37138.89950337725,0.0
5.58,501.580739,498.867183,602,0.0,0.0,37174.58341513683,0.0
5.59,507.148377,500.109362,602,0.0,0.0,37267.14810655296,0.0
5.6000000000000005,507.255288,501.181251,602,0.0,0.0,37347.0231282023,0.0
5.61,505.585516,501.84189,602,0.0,0.0,37396.252623446104,0.0
5.62,494.909502,500.802032,603,0.0,0.0,37318.76448776953,0.0
5.63,494.909502,499.918153,603,0.0,0.0,37252.89959479984,0.0
5.64,494.909502,499.166855,603,0.0,0.0,37196.914372435305,0.0
5.65,494.909502,498.528252,603,0.0,0.0,37149.326955780845,0.0
5.66,492.039888,497.554998,603,0.0,0.0,37076.80201679901,0.0
5.67,492.433717,496.786805,603,0.0,0.0,37019.55781286943,0.0
5.68,502.313687,497.615838,603,0.0,0.0,37081.33569175709,0.0
5.69,502.745148,498.385234,603,0.0,0.0,37138.669540837465,0.0
5.7,504.772394,499.343308,603,0.0,0.0,37210.0632966197,0.0
5.71,509.259259,500.830701,603,0.0,0.0,37320.900844235235,0.0
5.72,503.679047,501.257953,603,0.0,0.0,37352.73880763417,0.0
5.73,503.679047,501.621117,603,0.0,0.0,37379.80106161966,0.0
5.74,503.679047,501.929806,603,0.0,0.0,37402.80394770013,0.0
5.75,503.679047,502.192192,603,0.0,0.0,37422.35642694984,0.0
5.76,487.604022,500.003967,603,0.0,0.0,37259.294282223455,0.0
5.7700000000000005,491.450325,498.720921,603,0.0,0.0,37163.68426381008,0.0
5.78,495.40765,498.22393,604,0.0,0.0,37126.64948979474,0.0
5.79,497.159091,498.064204,604,0.0,0.0,37114.74702815183,0.0
5.8,504.290471,498.998144,604,0.0,0.0,37184.3423665863,0.0
5.8100000000000005,502.80351,499.568949,604,0.0,0.0,37226.87761205719,0.0
5.82,506.550662,500.616206,604,0.0,0.0,37304.91710639608,0.0
5.83,506.550662,501.506375,604,0.0,0.0,37371.25071756903,0.0
5.84,506.550662,502.263018,604,0.0,0.0,37427.63423862935,0.0
5.8500000000000005,506.550662,502.906164,604,0.0,0.0,37475.56019054571,0.0
5.86,507.67148,503.620962,604,0.0,0.0,37528.8255060074,0.0
5.87,499.175963,502.954212,604,0.0,0.0,37479.140631281836,0.0
5.88,491.20509,501.191844,604,0.0,0.0,37347.81249734811,0.0
5.89,491.20509,499.693831,604,0.0,0.0,37236.183568600834,0.0
5.9,493.668506,498.790032,605,0.0,0.0,37168.83427712415,0.0
5.91,495.40765,498.282675,605,0.0,0.0,37131.02704954841,0.0
5.92,506.66841,499.540535,605,0.0,0.0,37224.760257680806,0.0
5.93,502.232143,499.944276,605,0.0,0.0,37254.846228444316,0.0
5.94,502.232143,500.287456,605,0.0,0.0,37280.419314770996,0.0
5.95,502.232143,500.579159,605,0.0,0.0,37302.156438148675,0.0
5.96,502.232143,500.827107,605,0.0,0.0,37320.633026552794,0.0
5.97,502.232143,501.037862,605,0.0,0.0,37336.33806708192,0.0
5.98,502.232143,501.217004,605,0.0,0.0,37349.68737016114,0.0
5.99,507.305195,502.130233,605,0.0,0.0,37417.739366352725,0.0
6.0,496.156754,501.234211,605,0.0,0.0,37350.96960134135,0.0
6.01,493.421053,500.062237,606,0.0,0.0,37263.63644592838,0.0
6.0200000000000005,495.485576,499.375738,606,0.0,0.0,37212.47991527339,0.0
6.03,495.485576,498.792214,606,0.0,0.0,37168.996875394354,0.0
6.04,495.485576,498.296218,606,0.0,0.0,37132.03624678636,0.0
6.05,506.756757,499.565299,606,0.0,0.0,37226.6056213669,0.0
6.0600000000000005,499.260355,499.519557,606,0.0,0.0,37223.19701913263,0.0
6.07,502.745148,500.003396,606,0.0,0.0,37259.25173244697,0.0
6.08,505.267026,500.79294,606,0.0,0.0,37318.08697013772,0.0
6.09,504.807692,501.395153,606,0.0,0.0,37362.96267686903,0.0
6.1000000000000005,502.80351,501.606407,606,0.0,0.0,37378.70490187881,0.0
6.11,494.462025,500.53475,606,0.0,0.0,37298.847168404856,0.0
6.12,494.017795,499.557206,607,0.0,0.0,37226.00254721444,0.0
6.13,506.756757,500.637139,607,0.0,0.0,37306.476991634365,0.0
6.140000000000001,506.756757,501.555082,607,0.0,0.0,37374.88026566541,0.0
6.15,506.756757,502.335333,607,0.0,0.0,37433.02300760689,0.0
6.16,506.756757,502.998546,607,0.0,0.0,37482.444312175845,0.0
6.17,506.756757,503.562278,607,0.0,0.0,37524.45249185156,0.0
6.18,501.920391,503.315995,607,0.0,0.0,37506.09997591301,0.0
6.19,506.259205,503.757476,607,0.0,0.0,37538.998255896084,0.0
6.2,507.305195,504.289634,607,0.0,0.0,37578.653604323816,0.0
6.21,507.114299,504.713334,607,0.0,0.0,37610.22687979621,0.0
6.22,493.259637,502.995279,608,0.0,0.0,37482.20086187854,0.0
6.23,493.259637,501.534933,608,0.0,0.0,37373.37880253703,0.0
6.24,490.837696,499.930348,608,0.0,0.0,37253.80834177738,0.0
6.25,490.837696,498.56645,608,0.0,0.0,37152.17339424318,0.0
6.26,490.837696,497.407137,608,0.0,0.0,37065.78371119452,0.0
6.2700000000000005,490.837696,496.421721,608,0.0,0.0,36992.35248432904,0.0
6.28,490.837696,495.584117,608,0.0,0.0,36929.935911686196,0.0
6.29,490.837696,494.872154,608,0.0,0.0,36876.881854746985,0.0
6.3,501.336898,495.841866,608,0.0,0.0,36949.14285098224,0.0
6.3100000000000005,499.487705,496.388742,608,0.0,0.0,36989.89495529481,0.0
6.32,510.283175,498.472907,609,0.0,0.0,37145.20275721815,0.0
6.33,510.283175,500.244447,609,0.0,0.0,37277.21437022345,0.0
6.34,510.283175,501.750256,609,0.0,0.0,37389.424241277986,0.0
6.3500000000000005,510.283175,503.030194,609,0.0,0.0,37484.80265775562,0.0
6.36,510.283175,504.118141,609,0.0,0.0,37565.87428940622,0.0
6.37,510.283175,505.042896,609,0.0,0.0,37634.785180035135,0.0
6.38,510.283175,505.828938,609,0.0,0.0,37693.3594556992,0.0
6.390000000000001,508.211097,506.186262,609,0.0,0.0,37719.98652458024,0.0
6.4,507.579859,506.395301,609,0.0,0.0,37735.56369222592,0.0
6.41,500.522284,505.514349,609,0.0,0.0,37669.91691343443,0.0
6.42,497.506586,504.313184,609,0.0,0.0,37580.40850316114,0.0
6.43,497.506586,503.292195,609,0.0,0.0,37504.32644757635,0.0
6.44,497.506586,502.424353,609,0.0,0.0,37439.65659972998,0.0
6.45,497.506586,501.686688,609,0.0,0.0,37384.68728122316,0.0
6.46,478.316327,498.181134,609,0.0,0.0,37123.46041758064,0.0
6.47,478.316327,495.201413,609,0.0,0.0,36901.41757603271,0.0
6.48,491.352201,494.624031,609,0.0,0.0,36858.392225693315,0.0
6.49,490.702479,494.035798,609,0.0,0.0,36814.55828056481,0.0
6.5,494.552752,494.113342,610,0.0,0.0,36820.33670415044,0.0
6.51,497.159091,494.570204,610,0.0,0.0,36854.38114545056,0.0
6.5200000000000005,507.334093,496.484787,610,0.0,0.0,36997.05203634921,0.0
6.53,507.334093,498.112183,610,0.0,0.0,37118.32232714615,0.0
6.54,493.421053,497.408514,610,0.0,0.0,37065.88632247686,0.0
6.55,493.421053,496.810394,610,0.0,0.0,37021.31561790865,0.0
6.5600000000000005,493.421053,496.301993,610,0.0,0.0,36983.430593543686,0.0
6.57,493.421053,495.869852,610,0.0,0.0,36951.22831165576,0.0
6.58,493.421053,495.502532,610,0.0,0.0,36923.85636087332,0.0
6.59,504.351266,496.829842,610,0.0,0.0,37022.7648439209,0.0
6.6000000000000005,495.689655,496.658814,610,0.0,0.0,37010.02017987207,0.0
6.61,492.47851,496.031769,611,0.0,0.0,36963.29404223084,0.0
6.62,496.418003,496.089704,611,0.0,0.0,36967.61124240666,0.0
6.63,496.418003,496.138949,611,0.0,0.0,36971.2808811856,0.0
6.640000000000001,507.933437,497.908122,611,0.0,0.0,37103.11611009122,0.0
6.65,507.67148,499.372626,611,0.0,0.0,37212.24801526568,0.0
6.66,507.67148,500.617454,611,0.0,0.0,37305.01010485676,0.0
6.67,507.67148,501.675558,611,0.0,0.0,37383.85789591278,0.0
6.68,504.032258,502.029063,611,0.0,0.0,37410.20038056198,0.0
6.69,505.325975,502.5236,611,0.0,0.0,37447.05228741184,0.0
6.7,503.774309,502.711206,611,0.0,0.0,37461.032310820556,0.0
6.71,495.917663,501.692175,611,0.0,0.0,37385.096161474554,0.0
6.72,493.216115,500.420766,612,0.0,0.0,37290.35330899621,0.0
6.73,493.216115,499.340068,612,0.0,0.0,37209.821858308314,0.0
6.74,493.216115,498.421475,612,0.0,0.0,37141.370147579015,0.0
6.75,498.670213,498.458786,612,0.0,0.0,37144.15048857772,0.0
6.76,498.670213,498.4905,612,0.0,0.0,37146.513752345316,0.0
6.7700000000000005,498.670213,498.517457,612,0.0,0.0,37148.522533999574,0.0
6.78,498.670213,498.54037,612,0.0,0.0,37150.22996487259,0.0
6.79,504.449503,499.42674,612,0.0,0.0,37216.28048217366,0.0
6.8,505.019589,500.265667,612,0.0,0.0,37278.79564212698,0.0
6.8100000000000005,508.30976,501.472281,612,0.0,0.0,37368.710100967764,0.0
6.82,496.147317,500.673537,613,0.0,0.0,37309.1892977015,0.0
6.83,496.147317,499.994604,613,0.0,0.0,37258.59657021437,0.0
6.84,496.147317,499.417511,613,0.0,0.0,37215.59275557622,0.0
6.8500000000000005,496.147317,498.926982,613,0.0,0.0,37179.03951685968,0.0
6.86,496.147317,498.510032,613,0.0,0.0,37147.969237869336,0.0
6.87,496.147317,498.155625,613,0.0,0.0,37121.55953798653,0.0
6.88,496.147317,497.854379,613,0.0,0.0,37099.111289360255,0.0
6.890000000000001,501.634958,498.421466,613,0.0,0.0,37141.36947691704,0.0
6.9,497.66178,498.307513,613,0.0,0.0,37132.877927566304,0.0
6.91,506.365741,499.516247,613,0.0,0.0,37222.950364561446,0.0
6.92,0.0,424.58881,614,0.0,0.0,31639.507813603137,0.0
6.93,0.0,360.900488,614,0.0,0.0,26893.58160430366,0.0
6.94,0.0,306.765415,614,0.0,0.0,22859.544378561714,0.0
6.95,0.0,260.750603,614,0.0,0.0,19430.612740406956,0.0
6.96,0.0,221.638012,614,0.0,0.0,16516.020788361013,0.0
6.97,498.670213,263.192843,614,0.0,0.0,19612.603574227312,0.0
6.98,498.670213,298.514448,614,0.0,0.0,22244.698841614372,0.0
6.99,498.670213,328.537813,614,0.0,0.0,24481.979874781875,0.0
7.0,498.670213,354.057673,614,0.0,0.0,26383.66873434475,0.0
7.01,498.670213,375.749554,614,0.0,0.0,28000.10426497319,0.0
7.0200000000000005,1445.3125,536.183996,616,0.0,0.0,39955.35758695795,0.0
7.03,1445.3125,672.553271,616,0.0,0.0,50117.32285848241,0.0
7.04,1445.3125,788.467156,616,0.0,0.0,58754.99343242569,0.0
7.05,1445.3125,886.993957,616,0.0,0.0,66097.01332712999,0.0
7.0600000000000005,1445.3125,970.741739,616,0.0,0.0,72337.73032332433,0.0
7.07,1445.3125,1041.927353,616,0.0,0.0,77642.33971792692,0.0
7.08,1445.3125,1102.435125,616,0.0,0.0,82151.25771079093,0.0
7.09,1445.3125,1153.866731,616,0.0,0.0,85983.83798982172,0.0
7.1000000000000005,1445.3125,1197.583597,616,0.0,0.0,89241.53129406413,0.0
7.11,2074.115044,1329.063314,616,0.0,0.0,99039.13649555737,0.0
7.12,1941.701026,1420.958971,617,0.0,0.0,105887.01681931743,0.0
7.13,1941.701026,1499.070279,617,0.0,0.0,111707.71506098035,0.0
7.140000000000001,1941.701026,1565.464891,617,0.0,0.0,116655.30858129746,0.0
7.15,1941.701026,1621.900311,617,0.0,0.0,120860.7630586634,0.0
7.16,1941.701026,1669.870418,617,0.0,0.0,124435.39936442443,0.0
7.17,1941.701026,1710.64501,617,0.0,0.0,127473.84030256521,0.0
7.18,1941.701026,1745.303412,617,0.0,0.0,130056.51501056328,0.0
7.19,1824.238579,1757.143687,618,0.0,0.0,130938.82859150226,0.0
7.2,1795.019389,1762.825042,618,0.0,0.0,131362.1917882722,0.0
7.21,1766.520701,1763.379391,618,0.0,0.0,131403.50076557888,0.0
7.22,1665.825341,1748.746284,619,0.0,0.0,130313.0709370966,0.0
7.23,1665.825341,1736.308142,619,0.0,0.0,129386.20550464281,0.0
7.24,1665.825341,1725.735722,619,0.0,0.0,128598.36993921963,0.0
7.25,1665.825341,1716.749165,619,0.0,0.0,127928.70970860997,0.0
7.26,1580.05618,1696.245217,619,0.0,0.0,126400.796566114,0.0
7.2700000000000005,1560.171386,1675.834142,620,0.0,0.0,124879.8041335849,0.0
7.28,1529.288186,1653.852249,620,0.0,0.0,123241.7574895123,0.0
7.29,1500.0,1630.774412,620,0.0,0.0,121522.04329336436,0.0
7.3,1465.582451,1605.995617,621,0.0,0.0,119675.57711349925,0.0
7.3100000000000005,1432.35584,1579.949651,621,0.0,0.0,117734.68388842851,0.0
7.32,1346.718903,1544.965039,622,0.0,0.0,115127.7006645186,0.0
7.33,1346.718903,1515.228118,622,0.0,0.0,112911.7648645808,0.0
7.34,1346.718903,1489.951736,622,0.0,0.0,111028.21949797391,0.0
7.3500000000000005,1346.718903,1468.466811,622,0.0,0.0,109427.20591400268,0.0
7.36,1276.299505,1439.641715,622,0.0,0.0,107279.21748698819,0.0
7.37,1248.429648,1410.959905,622,0.0,0.0,105141.90644574034,0.0
7.38,1218.75,1382.128419,622,0.0,0.0,102993.44184872285,0.0
7.390000000000001,1189.95769,1353.30281,622,0.0,0.0,100845.41519397571,0.0
7.4,1152.471149,1323.178061,623,0.0,0.0,98600.57922816605,0.0
7.41,1126.126126,1293.620271,623,0.0,0.0,96397.99191160948,0.0
7.42,1043.249919,1256.064718,624,0.0,0.0,93599.42731310375,0.0
7.43,1043.249919,1224.142498,624,0.0,0.0,91220.64740809974,0.0
7.44,1043.249919,1197.008611,624,0.0,0.0,89198.68448884635,0.0
7.45,1043.249919,1173.944807,624,0.0,0.0,87480.01600375507,0.0
7.46,972.762646,1143.767483,624,0.0,0.0,85231.2622542353,0.0
7.47,946.27031,1114.142907,624,0.0,0.0,83023.6981787085,0.0
7.48,917.272955,1084.612414,624,0.0,0.0,80823.14497992529,0.0
7.49,895.550528,1056.253131,624,0.0,0.0,78709.86800480509,0.0
7.5,867.1875,1027.893287,624,0.0,0.0,76596.5492250884,0.0
7.51,834.074733,998.820504,624,0.0,0.0,74430.10365886707,0.0
7.5200000000000005,756.222632,962.430823,625,0.0,0.0,71718.41750695455,0.0
7.53,756.222632,931.499594,625,0.0,0.0,69413.48426665117,0.0
7.54,756.222632,905.20805,625,0.0,0.0,67454.29106083002,0.0
7.55,756.222632,882.860237,625,0.0,0.0,65788.97679117123,0.0
7.5600000000000005,692.73399,854.3413,625,0.0,0.0,63663.802719703934,0.0
7.57,669.642857,826.636534,625,0.0,0.0,61599.29904064784,0.0
7.58,640.822785,798.764471,625,0.0,0.0,59522.32872419099,0.0
7.59,612.004352,770.750453,625,0.0,0.0,57434.78020542193,0.0
7.6000000000000005,583.506224,742.663819,626,0.0,0.0,55341.820487758116,0.0
7.61,554.187192,714.392325,626,0.0,0.0,53235.085373106296,0.0
7.62,481.296147,679.427898,626,0.0,0.0,50629.60629497266,0.0
7.63,481.296147,649.708136,626,0.0,0.0,48414.949149351174,0.0
7.640000000000001,430.045872,616.758796,626,0.0,0.0,45959.630318920696,0.0
7.65,430.045872,588.751857,626,0.0,0.0,43872.609313054796,0.0
7.66,424.033717,564.044136,626,0.0,0.0,42031.43942533254,0.0
7.67,401.853253,539.715504,626,0.0,0.0,40218.5184907034,0.0
7.68,382.848392,516.185437,626,0.0,0.0,38465.10502061899,0.0
7.69,356.373543,492.213653,626,0.0,0.0,36678.775684304164,0.0
7.7,335.506135,468.707525,626,0.0,0.0,34927.14610055805,0.0
7.71,301.223431,443.584911,626,0.0,0.0,33055.059217365975,0.0
7.72,233.374822,412.053398,626,0.0,0.0,30705.39401554818,0.0
7.73,233.374822,385.251611,626,0.0,0.0,28708.17852321095,0.0
7.74,233.374822,362.470093,626,0.0,0.0,27010.545425516404,0.0
7.75,233.374822,343.105802,626,0.0,0.0,25567.557240313443,0.0
7.76,170.578603,317.226722,626,0.0,0.0,23639.100025746575,0.0
7.7700000000000005,150.160171,292.16674,626,0.0,0.0,21771.680353763808,0.0
7.78,118.013595,266.043768,627,0.0,0.0,19825.048795790026,0.0
7.79,87.986861,239.335232,627,0.0,0.0,17834.78218122262,0.0
7.8,76.013514,214.836974,627,0.0,0.0,16009.221056776914,0.0
7.8100000000000005,63.891413,192.19514,627,0.0,0.0,14321.996931022624,0.0
7.82,44.076164,169.977294,627,0.0,0.0,12666.367541923952,0.0
7.83,44.076164,151.092124,627,0.0,0.0,11259.082494123888,0.0
7.84,44.076164,135.03973,627,0.0,0.0,10062.890240752828,0.0
7.8500000000000005,44.076164,121.395195,627,0.0,0.0,9046.12681793563,0.0
7.86,44.076164,109.79734,627,0.0,0.0,8181.877889911511,0.0
7.87,44.076164,99.939164,627,0.0,0.0,7447.2663569795095,0.0
7.88,44.076164,91.559714,627,0.0,0.0,6822.846524180107,0.0
7.890000000000001,44.076164,84.437181,627,0.0,0.0,6292.089629041618,0.0
7.9,44.076164,78.383029,627,0.0,0.0,5840.946346417798,0.0
7.91,44.076164,73.236999,627,0.0,0.0,5457.474496573153,0.0
7.92,0.0,62.251449,627,0.0,0.0,4638.8533109094815,0.0
7.930000000000001,0.0,52.913732,627,0.0,0.0,3943.0253403543584,0.0
7.94,0.0,44.976672,627,0.0,0.0,3351.5715243976056,0.0
7.95,0.0,38.230171,627,0.0,0.0,2848.835780834365,0.0
7.96,0.0,32.495645,627,0.0,0.0,2421.5103876279113,0.0
7.97,0.0,27.621299,627,0.0,0.0,2058.2838853722224,0.0
7.98,0.0,23.478104,627,0.0,0.0,1749.5412913886894,0.0
7.99,102.347162,35.308463,627,0.0,0.0,2631.1159518660347,0.0
8.0,372.719832,85.920168,627,0.0,0.0,6402.59885036088,0.0
8.01,576.426463,159.496112,627,0.0,0.0,11885.330849541984,0.0
8.02,642.794887,231.990928,627,0.0,0.0,17287.499355296342,0.0
8.03,642.794887,293.611522,627,0.0,0.0,21879.342614994745,0.0
8.040000000000001,642.794887,345.989027,627,0.0,0.0,25782.409393190188,0.0
8.05,642.794887,390.509906,627,0.0,0.0,29100.016136026814,0.0
8.06,614.978134,424.18014,627,0.0,0.0,31609.05454363074,0.0
8.07,592.201166,449.383294,627,0.0,0.0,33487.143106328476,0.0
8.08,564.192578,466.604687,628,0.0,0.0,34770.44682407043,0.0
8.09,538.255117,477.352251,628,0.0,0.0,35571.333769619465,0.0
8.1,507.933437,481.939429,628,0.0,0.0,35913.16108761541,0.0
8.11,488.766137,482.963435,628,0.0,0.0,35989.46796399817,0.0
8.120000000000001,471.786789,481.286938,628,0.0,0.0,35864.53876501391,0.0
8.13,471.786789,479.861916,628,0.0,0.0,35758.34897941038,0.0
8.14,471.786789,478.650647,628,0.0,0.0,35668.08763929198,0.0
8.15,471.786789,477.621068,628,0.0,0.0,35591.36547411005,0.0
8.16,468.081312,476.190105,628,0.0,0.0,35484.732977084335,0.0
8.17,480.651855,476.859367,628,0.0,0.0,35534.605041019204,0.0
8.18,485.751295,478.193156,628,0.0,0.0,35633.996326171524,0.0
8.19,489.495276,479.888474,628,0.0,0.0,35760.328028383694,0.0
8.2,493.173848,481.88128,628,0.0,0.0,35908.82794058816,0.0
8.21,491.450325,483.316637,629,0.0,0.0,36015.787869694184,0.0
8.22,501.277329,486.010741,629,0.0,0.0,36216.54710439625,0.0
8.23,501.277329,488.300729,629,0.0,0.0,36387.1924240858,0.0
8.24,501.277329,490.247219,629,0.0,0.0,36532.24096072552,0.0
8.25,509.51087,493.136767,629,0.0,0.0,36747.564290899434,0.0
8.26,510.551396,495.748961,629,0.0,0.0,36942.21975643949,0.0
8.27,506.756757,497.40013,629,0.0,0.0,37065.26156358716,0.0
8.28,505.585516,498.627938,629,0.0,0.0,37156.75535686354,0.0
8.290000000000001,502.069133,499.144117,629,0.0,0.0,37195.21998221181,0.0
8.3,492.1875,498.100625,629,0.0,0.0,37117.4610481329,0.0
8.31,488.027069,496.589591,629,0.0,0.0,37004.86182054228,0.0
8.32,496.381927,496.558442,630,0.0,0.0,37002.54065944319,0.0
8.33,496.381927,496.531965,630,0.0,0.0,37000.56764642765,0.0
8.34,496.381927,496.509459,630,0.0,0.0,36998.890544379545,0.0
8.35,496.381927,496.490329,630,0.0,0.0,36997.46501509045,0.0
8.36,500.801282,497.136972,630,0.0,0.0,37045.65155644351,0.0
8.370000000000001,506.626351,498.560379,630,0.0,0.0,37151.72099548134,0.0
8.38,507.754801,499.939542,630,0.0,0.0,37254.493460244914,0.0
8.39,503.259202,500.437491,630,0.0,0.0,37291.59962250171,0.0
8.4,507.0059,501.422753,630,0.0,0.0,37365.019373595576,0.0
8.41,506.259205,502.14822,630,0.0,0.0,37419.07972157086,0.0
8.42,489.527733,500.255147,631,0.0,0.0,37278.01171279498,0.0
8.43,489.527733,498.646035,631,0.0,0.0,37158.10390906138,0.0
8.44,489.527733,497.27829,631,0.0,0.0,37056.182290791425,0.0
8.45,489.527733,496.115706,631,0.0,0.0,36969.548859373455,0.0
8.46,483.960177,494.292377,631,0.0,0.0,36833.67803380396,0.0
8.47,493.173848,494.124597,631,0.0,0.0,36821.17540421048,0.0
8.48,497.947851,494.698085,631,0.0,0.0,36863.91058146823,0.0
8.49,506.88723,496.526457,631,0.0,0.0,37000.1572012983,0.0
8.5,510.014837,498.549714,631,0.0,0.0,37150.92626103972,0.0
8.51,509.51087,500.193887,631,0.0,0.0,37273.446740278014,0.0
8.52,503.385082,500.672567,631,0.0,0.0,37309.11701524408,0.0
8.53,503.385082,501.079444,631,0.0,0.0,37339.43667444724,0.0
8.540000000000001,503.385082,501.42529,631,0.0,0.0,37365.20842575483,0.0
8.55,503.385082,501.719259,631,0.0,0.0,37387.11440691448,0.0
8.56,494.809993,500.682869,631,0.0,0.0,37309.88469965266,0.0
8.57,489.495276,499.00473,632,0.0,0.0,37184.83314211677,0.0
8.58,495.158451,498.427788,632,0.0,0.0,37141.84057969621,0.0
8.59,500.363901,498.718205,632,0.0,0.0,37163.48187292932,0.0
8.6,500.44484,498.9772,632,0.0,0.0,37182.781661650035,0.0
8.61,504.032258,499.735459,632,0.0,0.0,37239.285603794044,0.0
8.620000000000001,508.599618,501.065083,632,0.0,0.0,37338.36652148746,0.0
8.63,504.032258,501.510159,632,0.0,0.0,37371.53269367096,0.0
8.64,504.032258,501.888474,632,0.0,0.0,37399.72396983413,0.0
8.65,504.032258,502.210042,632,0.0,0.0,37423.686573202336,0.0
8.66,501.515692,502.105889,632,0.0,0.0,37415.925300225514,0.0
8.67,495.6571,501.138571,632,0.0,0.0,37343.84270007588,0.0
8.68,494.909502,500.20421,632,0.0,0.0,37274.21598956454,0.0
8.69,489.982578,498.670966,633,0.0,0.0,37159.96171725303,0.0
8.700000000000001,492.92689,497.809354,633,0.0,0.0,37095.75611653008,0.0
8.71,500.363901,498.192536,633,0.0,0.0,37124.3100717863,0.0
8.72,503.370719,498.969264,633,0.0,0.0,37182.190286823155,0.0
8.73,503.370719,499.629482,633,0.0,0.0,37231.38840999009,0.0
8.74,503.370719,500.190668,633,0.0,0.0,37273.20686684458,0.0
8.75,512.295082,502.00633,633,0.0,0.0,37408.506362928485,0.0
8.76,506.072874,502.616312,633,0.0,0.0,37453.96099998111,0.0
8.77,506.626351,503.217817,633,0.0,0.0,37498.7839479703,0.0
8.78,496.156754,502.158658,633,0.0,0.0,37419.85754042708,0.0
8.790000000000001,491.695804,500.58923,633,0.0,0.0,37302.90690889987,0.0
8.8,493.421053,499.514003,633,0.0,0.0,37222.783146175425,0.0
8.81,489.251988,497.974701,634,0.0,0.0,37108.07744383603,0.0
8.82,501.515692,498.50585,634,0.0,0.0,37147.65760360447,0.0
8.83,501.515692,498.957326,634,0.0,0.0,37181.30069097094,0.0
8.84,501.515692,499.341081,634,0.0,0.0,37209.89734503962,0.0
8.85,501.515692,499.667273,634,0.0,0.0,37234.20451962752,0.0
8.86,513.855055,501.79544,634,0.0,0.0,37392.791262469735,0.0
8.870000000000001,507.767959,502.691318,634,0.0,0.0,37459.550296889494,0.0
8.88,509.259259,503.676509,634,0.0,0.0,37532.964757205555,0.0
8.89,506.010795,504.026652,634,0.0,0.0,37559.056712347716,0.0
8.9,494.164157,502.547278,634,0.0,0.0,37448.81672455284,0.0
8.91,488.28125,500.407373,634,0.0,0.0,37289.35528945785,0.0
8.92,498.157353,500.06987,635,0.0,0.0,37264.20524180207,0.0
8.93,498.157353,499.782993,635,0.0,0.0,37242.82774227954,0.0
8.94,498.157353,499.539147,635,0.0,0.0,37224.6568267005,0.0
8.950000000000001,498.157353,499.331878,635,0.0,0.0,37209.21155591012,0.0
8.96,498.157353,499.155699,635,0.0,0.0,37196.08304965699,0.0
8.97,498.157353,499.005947,635,0.0,0.0,37184.92383051953,0.0
8.98,520.833333,502.280055,635,0.0,0.0,37428.903801750006,0.0
8.99,508.23603,503.173451,635,0.0,0.0,37495.47788250037,0.0
9.0,508.255298,503.935728,635,0.0,0.0,37552.281237957686,0.0
9.01,506.010795,504.246988,635,0.0,0.0,37575.47570980931,0.0
9.02,488.790407,501.928501,636,0.0,0.0,37402.70670171361,0.0
9.03,488.790407,499.957787,636,0.0,0.0,37255.85304110636,0.0
9.040000000000001,488.790407,498.28268,636,0.0,0.0,37131.02742213839,0.0
9.05,488.790407,496.858839,636,0.0,0.0,37024.92564228972,0.0
9.06,483.603537,494.870544,636,0.0,0.0,36876.76188077126,0.0
9.07,493.668506,494.690238,636,0.0,0.0,36863.32583874312,0.0
9.08,499.636628,495.432196,636,0.0,0.0,36918.615063012505,0.0
9.09,508.458161,497.386091,636,0.0,0.0,37064.21540542252,0.0
9.1,511.532738,499.508088,636,0.0,0.0,37222.34237222116,0.0
9.11,509.51087,501.008505,636,0.0,0.0,37334.15044223404,0.0
9.120000000000001,502.388164,501.215454,636,0.0,0.0,37349.57186726528,0.0
9.13,502.388164,501.391361,636,0.0,0.0,37362.68010462312,0.0
9.14,502.388164,501.540881,636,0.0,0.0,37373.8220355852,0.0
9.15,502.388164,501.667974,636,0.0,0.0,37383.29275142096,0.0
9.16,493.075035,500.379033,636,0.0,0.0,37287.243449413276,0.0
9.17,489.008942,498.673519,637,0.0,0.0,37160.15196170024,0.0
9.18,494.909502,498.108917,637,0.0,0.0,37118.078951366835,0.0
9.19,501.976033,498.688984,637,0.0,0.0,37161.30438252908,0.0
9.200000000000001,501.093294,499.049631,637,0.0,0.0,37188.17907471528,0.0
9.21,505.585516,500.030013,637,0.0,0.0,37261.23517798213,0.0
9.22,509.039972,501.381507,637,0.0,0.0,37361.945804277355,0.0
9.23,509.039972,502.530277,637,0.0,0.0,37447.54984408009,0.0
9.24,509.039972,503.506731,637,0.0,0.0,37520.3132406534,0.0
9.25,509.039972,504.336717,637,0.0,0.0,37582.16213519252,0.0
9.26,501.873662,503.967259,637,0.0,0.0,37554.63086493177,0.0
9.27,493.668506,502.422446,637,0.0,0.0,37439.51449390905,0.0
9.28,494.164157,501.183703,637,0.0,0.0,37347.20584633177,0.0
9.290000000000001,489.008942,499.357489,638,0.0,0.0,37211.12003633996,0.0
9.3,492.92689,498.392899,638,0.0,0.0,37139.24072128707,0.0
9.31,500.190549,498.662546,638,0.0,0.0,37159.33427571544,0.0
9.32,503.443848,499.379742,638,0.0,0.0,37212.77828533474,0.0
9.33,503.443848,499.989357,638,0.0,0.0,37258.20557428234,0.0
9.34,503.443848,500.507531,638,0.0,0.0,37296.8188630353,0.0
9.35,503.443848,500.947979,638,0.0,0.0,37329.640165927114,0.0
9.36,508.038295,502.011526,638,0.0,0.0,37408.89355844265,0.0
9.370000000000001,510.267194,503.249876,638,0.0,0.0,37501.172920446974,0.0
9.38,496.406959,502.223439,638,0.0,0.0,37424.68489081268,0.0
9.39,491.20509,500.570686,638,0.0,0.0,37301.52504715723,0.0
9.4,492.68018,499.38711,638,0.0,0.0,37213.32733393913,0.0
9.41,490.226594,498.013033,639,0.0,0.0,37110.93386771002,0.0
9.42,500.638495,498.406852,639,0.0,0.0,37140.28047090393,0.0
9.43,500.638495,498.741599,639,0.0,0.0,37165.225146959056,0.0
9.44,500.638495,499.026133,639,0.0,0.0,37186.42805081381,0.0
9.450000000000001,500.638495,499.267988,639,0.0,0.0,37204.45060106015,0.0
9.46,512.85558,501.306126,639,0.0,0.0,37356.32856311996,0.0
9.47,508.255298,502.348502,639,0.0,0.0,37434.004335113845,0.0
9.48,506.507859,502.972406,639,0.0,0.0,37480.49641172542,0.0
9.49,506.626351,503.520497,639,0.0,0.0,37521.33905540475,0.0
9.5,495.956771,502.385939,639,0.0,0.0,37436.794065380214,0.0
9.51,489.933804,500.518118,639,0.0,0.0,37297.60778507312,0.0
9.52,493.820908,499.513537,640,0.0,0.0,37222.74842078866,0.0
9.53,493.820908,498.659642,640,0.0,0.0,37159.11787545117,0.0
9.540000000000001,493.820908,497.933832,640,0.0,0.0,37105.0319678028,0.0
9.55,493.820908,497.316894,640,0.0,0.0,37059.05898356069,0.0
9.56,497.611465,497.361079,640,0.0,0.0,37062.35156127309,0.0
9.57,503.29429,498.251061,640,0.0,0.0,37128.67123758055,0.0
9.58,509.51087,499.940032,640,0.0,0.0,37254.529974063604,0.0
9.59,506.756757,500.962541,640,0.0,0.0,37330.72529700437,0.0
9.6,507.754801,501.98138,640,0.0,0.0,37406.647138894885,0.0
9.61,506.626351,502.678125,640,0.0,0.0,37458.56718095061,0.0
9.620000000000001,489.300626,500.671501,641,0.0,0.0,37309.037579058924,0.0
9.63,489.300626,498.965869,641,0.0,0.0,37181.93729822219,0.0
9.64,489.300626,497.516083,641,0.0,0.0,37073.902148932575,0.0
9.65,489.300626,496.283764,641,0.0,0.0,36982.072204970194,0.0
9.66,482.584077,494.228811,641,0.0,0.0,36828.941222785135,0.0
9.67,494.660804,494.29361,641,0.0,0.0,36833.76991449468,0.0
9.68,499.429224,495.063952,641,0.0,0.0,36891.17425760053,0.0
9.69,508.004926,497.005098,641,0.0,0.0,37035.82457006247,0.0
9.700000000000001,513.826607,499.528325,641,0.0,0.0,37223.85039293331,0.0
9.71,510.014837,501.101301,641,0.0,0.0,37341.06541431507,0.0
9.72,503.010612,501.387698,641,0.0,0.0,37362.40714519888,0.0
9.73,503.010612,501.631135,641,0.0,0.0,37380.547582917,0.0
9.74,490.837696,500.012119,641,0.0,0.0,37259.90175293776,0.0
9.75,490.837696,498.635956,641,0.0,0.0,37157.352842166205,0.0
9.76,493.421053,497.85372,641,0.0,0.0,37099.062182,0.0
9.77,491.695804,496.930033,642,0.0,0.0,37030.23087659225,0.0
9.78,493.668506,496.440804,642,0.0,0.0,36993.774511272255,0.0
9.790000000000001,502.488515,497.34796,642,0.0,0.0,37061.37395966601,0.0
9.8,499.636628,497.691261,642,0.0,0.0,37086.95606267036,0.0
9.81,503.786028,498.605476,642,0.0,0.0,37155.08153360733,0.0
9.82,509.389181,500.223031,642,0.0,0.0,37275.61849279245,0.0
9.83,509.389181,501.597954,642,0.0,0.0,37378.075001247315,0.0
9.84,509.389181,502.766638,642,0.0,0.0,37465.16299244904,0.0
9.85,509.389181,503.760019,642,0.0,0.0,37539.187755163315,0.0
9.86,500.44484,503.262742,642,0.0,0.0,37502.13166900074,0.0
9.870000000000001,496.156754,502.196844,642,0.0,0.0,37422.70308467346,0.0
9.88,494.164157,500.991941,642,0.0,0.0,37332.91612612612,0.0
9.89,488.28125,499.085337,643,0.0,0.0,37190.83981432825,0.0
9.9,492.433717,498.087594,643,0.0,0.0,37116.49000410959,0.0
9.91,497.66178,498.023722,643,0.0,0.0,37111.73039058357,0.0
9.92,505.505114,499.145931,643,0.0,0.0,37195.35515785899,0.0
9.93,502.232143,499.608863,643,0.0,0.0,37229.851923402966,0.0
9.94,502.232143,500.002355,643,0.0,0.0,37259.174159211754,0.0
9.950000000000001,502.232143,500.336823,643,0.0,0.0,37284.09804474561,0.0
9.96,502.232143,500.621121,643,0.0,0.0,37305.283362353,0.0
9.97,502.232143,500.862774,643,0.0,0.0,37323.290859963876,0.0
9.98,502.232143,501.068179,643,0.0,0.0,37338.59722920722,0.0
9.99,496.106743,500.323964,643,0.0,0.0,37283.139817817835,0.0
10.0,497.467438,499.895485,643,0.0,0.0,37251.21042083616,0.0
10.01,491.401258,498.621351,644,0.0,0.0,37156.264506815074,0.0
10.02,497.855392,498.506457,644,0.0,0.0,37147.70283602884,0.0
10.03,497.855392,498.408798,644,0.0,0.0,37140.42548292675,0.0
10.040000000000001,497.855392,498.325787,644,0.0,0.0,37134.23966944967,0.0
10.05,497.855392,498.255228,644,0.0,0.0,37128.98175407545,0.0
10.06,509.215672,499.899294,644,0.0,0.0,37251.49425988802,0.0
10.07,505.713025,500.771354,644,0.0,0.0,37316.478424647175,0.0
10.08,506.806566,501.676636,644,0.0,0.0,37383.93822631391,0.0
10.09,506.053362,502.333145,644,0.0,0.0,37432.85996222871,0.0
10.1,494.213776,501.115239,644,0.0,0.0,37342.104046161985,0.0
10.11,488.28125,499.190141,644,0.0,0.0,37198.64959852132,0.0
10.120000000000001,493.981031,498.408774,645,0.0,0.0,37140.42369449481,0.0
10.13,493.981031,497.744613,645,0.0,0.0,37090.93174686438,0.0
10.14,493.981031,497.180076,645,0.0,0.0,37048.8635802008,0.0
10.15,493.981031,496.700219,645,0.0,0.0,37013.105597551876,0.0
10.16,498.38744,496.953302,645,0.0,0.0,37031.96483587233,0.0
10.17,504.032258,498.015146,645,0.0,0.0,37111.09132423839,0.0
10.18,510.303266,499.858364,645,0.0,0.0,37248.44423825696,0.0
10.19,507.255288,500.967902,645,0.0,0.0,37331.12478798809,0.0
10.200000000000001,506.756757,501.83623,645,0.0,0.0,37395.83085158117,0.0
10.21,507.148377,502.633052,645,0.0,0.0,37455.20843125655,0.0
10.22,488.507411,500.514206,646,0.0,0.0,37297.31627066754,0.0
10.23,488.507411,498.713187,646,0.0,0.0,37163.10794161866,0.0
10.24,488.507411,497.18232,646,0.0,0.0,37049.030798586835,0.0
10.25,488.507411,495.881084,646,0.0,0.0,36952.06529780187,0.0
10.26,482.891832,493.932696,646,0.0,0.0,36806.87532600321,0.0
10.27,492.433717,493.707849,646,0.0,0.0,36790.1201778556,0.0
10.28,499.394673,494.560873,646,0.0,0.0,36853.6858180174,0.0
10.290000000000001,509.51087,496.803372,646,0.0,0.0,37020.792352531345,0.0
10.3,512.295082,499.127129,646,0.0,0.0,37193.954070473024,0.0
10.31,510.267194,500.798139,646,0.0,0.0,37318.47438920589,0.0
10.32,503.796729,501.247927,646,0.0,0.0,37351.99169019285,0.0
10.33,503.796729,501.630247,646,0.0,0.0,37380.48141093537,0.0
10.34,503.796729,501.95522,646,0.0,0.0,37404.697748084494,0.0
10.35,503.796729,502.231446,646,0.0,0.0,37425.28155641738,0.0
10.36,494.809993,501.118228,646,0.0,0.0,37342.326780456024,0.0
10.370000000000001,488.039167,499.156369,647,0.0,0.0,37196.132976715206,0.0
10.38,494.660804,498.482034,647,0.0,0.0,37145.88288297985,0.0
10.39,501.336898,498.910264,647,0.0,0.0,37177.793724980176,0.0
10.4,500.44484,499.14045,647,0.0,0.0,37194.94672471557,0.0
10.41,504.032258,499.874221,647,0.0,0.0,37249.62587014076,0.0
10.42,508.628651,501.187386,647,0.0,0.0,37347.480296115966,0.0
10.43,508.628651,502.303576,647,0.0,0.0,37430.6565395654,0.0
10.44,508.628651,503.252337,647,0.0,0.0,37501.35630923843,0.0
10.450000000000001,508.628651,504.058784,647,0.0,0.0,37561.451124638195,0.0
10.46,501.158232,503.623701,647,0.0,0.0,37529.02961080209,0.0
10.47,494.412356,502.241999,647,0.0,0.0,37426.06794484328,0.0
10.48,493.668506,500.955975,647,0.0,0.0,37330.23601183384,0.0
10.49,490.177771,499.339245,648,0.0,0.0,37209.760529996514,0.0
10.5,492.236724,498.273866,648,0.0,0.0,37130.37062050985,0.0
10.51,501.413509,498.744813,648,0.0,0.0,37165.4646478025,0.0
10.52,504.335477,499.583412,648,0.0,0.0,37227.9553658527,0.0
10.53,504.335477,500.296222,648,0.0,0.0,37281.072539535664,0.0
10.540000000000001,504.335477,500.902111,648,0.0,0.0,37326.22217442518,0.0
10.55,504.335477,501.417116,648,0.0,0.0,37364.59931564458,0.0
10.56,505.845324,502.081347,648,0.0,0.0,37414.09647953483,0.0
10.57,508.505917,503.045032,648,0.0,0.0,37485.90835580014,0.0
10.58,495.40765,501.899425,648,0.0,0.0,37400.540016422994,0.0
10.59,488.766137,499.929432,648,0.0,0.0,37253.74008329183,0.0
10.6,492.433717,498.805075,648,0.0,0.0,37169.95525135813,0.0
10.61,490.9601,497.628328,649,0.0,0.0,37082.26642154385,0.0
10.620000000000001,501.920391,498.272138,649,0.0,0.0,37130.24185341045,0.0
10.63,501.920391,498.819376,649,0.0,0.0,37171.020933238055,0.0
10.64,501.920391,499.284528,649,0.0,0.0,37205.68312873613,0.0
10.65,501.920391,499.679907,649,0.0,0.0,37235.145980005895,0.0
10.66,513.604821,501.768645,649,0.0,0.0,37390.79455273104,0.0
10.67,509.007897,502.854532,649,0.0,0.0,37471.71267730713,0.0
10.68,506.756757,503.439866,649,0.0,0.0,37515.33059476134,0.0
10.69,505.019589,503.676824,649,0.0,0.0,37532.98823037472,0.0
10.700000000000001,494.909502,502.361726,649,0.0,0.0,37434.98976111064,0.0
10.71,488.027069,500.211528,649,0.0,0.0,37274.76131226906,0.0
10.72,494.722955,499.388242,650,0.0,0.0,37213.41168831211,0.0
10.73,494.722955,498.688449,650,0.0,0.0,37161.26451540051,0.0
10.74,494.722955,498.093625,650,0.0,0.0,37116.93942215153,0.0
10.75,494.722955,497.588024,650,0.0,0.0,37079.263048179106,0.0
10.76,499.809596,497.92126,650,0.0,0.0,37104.095127540255,0.0
10.77,502.313687,498.580124,650,0.0,0.0,37153.192353338796,0.0
10.78,508.004926,499.993844,650,0.0,0.0,37258.5399365364,0.0
10.790000000000001,504.807692,500.715922,650,0.0,0.0,37312.347743018705,0.0
10.8,506.756757,501.622047,650,0.0,0.0,37379.870363357186,0.0
10.81,506.105398,502.29455,650,0.0,0.0,37429.98394012143,0.0
10.82,489.265805,500.340238,651,0.0,0.0,37284.352523706526,0.0
10.83,489.265805,498.679073,651,0.0,0.0,37160.56583465746,0.0
10.84,489.265805,497.267083,651,0.0,0.0,37055.347167595246,0.0
10.85,485.248447,495.464287,651,0.0,0.0,36921.00642006511,0.0
10.86,484.476864,493.816174,651,0.0,0.0,36798.19233991731,0.0
10.870000000000001,494.412356,493.905601,651,0.0,0.0,36804.8562608653,0.0
10.88,499.125342,494.688562,651,0.0,0.0,36863.20094657958,0.0
10.89,508.806986,496.806326,651,0.0,0.0,37021.012478695484,0.0
10.9,512.295082,499.129639,651,0.0,0.0,37194.14111064635,0.0
10.91,509.712337,500.717044,651,0.0,0.0,37312.431352211715,0.0
10.92,497.146206,500.181418,652,0.0,0.0,37272.5175753692,0.0
10.93,488.28125,498.396393,652,0.0,0.0,37139.50108716977,0.0
10.94,488.28125,496.879122,652,0.0,0.0,37026.43709082974,0.0
10.950000000000001,488.28125,495.589441,652,0.0,0.0,36930.33264550403,0.0
10.96,488.28125,494.493212,652,0.0,0.0,36848.64385579948,0.0
10.97,488.28125,493.561418,652,0.0,0.0,36779.2084329873,0.0
10.98,488.28125,492.769393,652,0.0,0.0,36720.18831614515,0.0
10.99,495.261032,493.143139,652,0.0,0.0,36748.039119578476,0.0
11.0,496.908127,493.707887,652,0.0,0.0,36790.12300953949,0.0
11.01,506.507859,495.627883,652,0.0,0.0,36933.19726635772,0.0
11.02,516.268948,498.724042,652,0.0,0.0,37163.916834479765,0.0
11.03,516.268948,501.355778,652,0.0,0.0,37360.02853072382,0.0
11.040000000000001,516.268948,503.592754,652,0.0,0.0,37526.72350233847,0.0
11.05,504.032258,503.658679,652,0.0,0.0,37531.63610131301,0.0
11.06,509.937238,504.600463,652,0.0,0.0,37601.81595891859,0.0
11.07,501.158232,504.084129,652,0.0,0.0,37563.339783280746,0.0
11.08,497.275533,503.062839,652,0.0,0.0,37487.23529777875,0.0
11.09,491.352201,501.306244,653,0.0,0.0,37356.337356243646,0.0
11.1,490.715354,499.71761,653,0.0,0.0,37237.95553205955,0.0
11.11,498.188406,499.48823,653,0.0,0.0,37220.86259383,0.0
11.120000000000001,503.855591,500.143334,653,0.0,0.0,37269.679631958556,0.0
11.13,503.855591,500.700172,653,0.0,0.0,37311.17408456061,0.0
11.14,503.855591,501.173485,653,0.0,0.0,37346.44442143497,0.0
11.15,503.855591,501.575801,653,0.0,0.0,37376.424204052266,0.0
11.16,509.164969,502.714176,653,0.0,0.0,37461.25362927266,0.0
11.17,508.756783,503.620567,653,0.0,0.0,37528.79607139844,0.0
11.18,497.66178,502.726749,653,0.0,0.0,37462.1905440532,0.0
11.19,489.495276,500.742028,653,0.0,0.0,37314.29310985722,0.0
11.200000000000001,491.20509,499.311487,653,0.0,0.0,37207.69205942638,0.0
11.21,490.226594,497.948753,654,0.0,0.0,37106.14385084109,0.0
11.22,500.522284,498.334783,654,0.0,0.0,37134.910033353735,0.0
11.23,500.522284,498.662908,654,0.0,0.0,37159.361251230475,0.0
11.24,500.522284,498.941815,654,0.0,0.0,37180.144842314214,0.0
11.25,500.522284,499.178885,654,0.0,0.0,37197.81082394328,0.0
11.26,512.481778,501.174319,654,0.0,0.0,37346.50656944475,0.0
11.27,509.762729,502.46258,654,0.0,0.0,37442.50519921425,0.0
11.28,505.762629,502.957588,654,0.0,0.0,37479.39220404085,0.0
11.290000000000001,504.032258,503.118788,654,0.0,0.0,37491.40450521185,0.0
11.3,494.909502,501.887395,654,0.0,0.0,37399.643564915015,0.0
11.31,488.039167,499.810161,654,0.0,0.0,37244.85224723125,0.0
11.32,495.362563,499.143021,655,0.0,0.0,37195.138310486735,0.0
11.33,495.362563,498.575953,655,0.0,0.0,37152.8815387719,0.0
11.34,495.362563,498.093944,655,0.0,0.0,37116.963193392694,0.0
11.35,495.362563,497.684237,655,0.0,0.0,37086.43264825706,0.0
11.36,505.514706,498.858807,655,0.0,0.0,37173.95925239112,0.0
11.370000000000001,504.52544,499.708802,655,0.0,0.0,37237.299177539,0.0
11.38,507.591808,500.891253,655,0.0,0.0,37325.41305801008,0.0
11.39,505.66343,501.60708,655,0.0,0.0,37378.75505249102,0.0
11.4,506.507859,502.342197,655,0.0,0.0,37433.53449914062,0.0
11.41,504.278729,502.632676,655,0.0,0.0,37455.18041248956,0.0
11.42,487.374675,500.343976,656,0.0,0.0,37284.63107198058,0.0
11.43,496.031746,499.697142,656,0.0,0.0,37236.43029769002,0.0
11.44,496.031746,499.147332,656,0.0,0.0,37195.45955757326,0.0
11.450000000000001,496.031746,498.679994,656,0.0,0.0,37160.63446573301,0.0
11.46,496.031746,498.282757,656,0.0,0.0,37131.033160024184,0.0
11.47,490.552326,497.123192,656,0.0,0.0,37044.62469844019,0.0
11.48,490.137833,496.075388,656,0.0,0.0,36966.544442756756,0.0
11.49,504.772394,497.379939,656,0.0,0.0,37063.756970702896,0.0
11.5,512.96248,499.71732,656,0.0,0.0,37237.93392184032,0.0
11.51,514.127325,501.878821,656,0.0,0.0,37399.00464760583,0.0
11.52,500.941661,501.738247,657,0.0,0.0,37388.529354647944,0.0
11.53,492.902208,500.412841,657,0.0,0.0,37289.762753867304,0.0
11.540000000000001,492.902208,499.286246,657,0.0,0.0,37205.811150655565,0.0
11.55,492.902208,498.328641,657,0.0,0.0,37134.452343814075,0.0
11.56,492.902208,497.514676,657,0.0,0.0,37073.79730211031,0.0
11.57,493.940991,496.978623,657,0.0,0.0,37033.85170608294,0.0
11.58,491.621067,496.17499,657,0.0,0.0,36973.96658432768,0.0
11.59,501.336898,496.949276,657,0.0,0.0,37031.66482641504,0.0
11.6,499.733475,497.366906,657,0.0,0.0,37062.78577764358,0.0
11.61,505.762629,498.626264,657,0.0,0.0,37156.630613736,0.0
