PPR,Sampling Window (ms),PWM (%),Settled Interval,Samples,Mean RPM,Median RPM,Standard Deviation (RPM),Coefficient of Variation (%),Minimum RPM,Maximum RPM,Filtered Mean RPM,Filtered SD (RPM),Revolution Increment,File
48,10,0,0+1 to 0+9 s,800,0.0,0.0,0.0,,0.0,0.0,0.0,0.0,0,mixr1_log_20260902_135230_48ppr_10ms.csv
48,10,10,10+1 to 10+9 s,800,208.2182473325,212.409812,26.83470066175127,12.887775689946817,139.117834,253.612813,208.20413894875,14.703284921943613,28,mixr1_log_20260902_135230_48ppr_10ms.csv
48,10,20,20+1 to 20+9 s,800,474.29006842625,471.496265,18.00140923028103,3.795443006009343,430.950943,531.136974,474.15942302625,5.2878978228278175,63,mixr1_log_20260902_135230_48ppr_10ms.csv
48,10,30,30+1 to 30+9 s,800,732.4407801174999,734.27657,16.322991686696422,2.2285749414550415,656.242847,790.626971,732.4602843600001,3.8960796230655994,97,mixr1_log_20260902_135230_48ppr_10ms.csv
48,10,40,40+1 to 40+9 s,800,981.9869830462501,981.538479,17.211097898724294,1.7526808599166204,928.825105,1051.995926,982.00976901625,5.416222065405173,131,mixr1_log_20260902_135230_48ppr_10ms.csv
48,10,50,50+1 to 50+9 s,800,1242.21516376875,1243.889459,17.9187026908194,1.4424797904137592,1118.169105,1318.775981,1242.1541918775,4.5878945786649625,166,mixr1_log_20260902_135230_48ppr_10ms.csv
48,10,60,60+1 to 60+9 s,800,1503.32087826,1500.635724,20.233442663187603,1.345916427809248,1406.216532,1593.673663,1503.291392555,5.386797132799976,200,mixr1_log_20260902_135230_48ppr_10ms.csv
48,10,70,70+1 to 70+9 s,800,1763.5124535462498,1764.132123,25.647737966700593,1.4543553642122298,1620.385305,1863.191408,1763.50900239125,7.561292913163205,236,mixr1_log_20260902_135230_48ppr_10ms.csv
48,10,80,80+1 to 80+9 s,800,2024.5022405324999,2024.4816099999998,29.83348912003969,1.4736209485346217,1806.716461,2175.538656,2024.4406076950002,7.712131068642504,271,mixr1_log_20260902_135230_48ppr_10ms.csv
48,10,90,90+1 to 90+9 s,800,2283.84990423875,2281.229469,28.482396574406387,1.247122086330805,2124.265004,2426.021232,2283.9192554012498,7.369732518597975,305,mixr1_log_20260902_135230_48ppr_10ms.csv
48,20,0,0+1 to 0+9 s,800,0.0,0.0,0.0,,0.0,0.0,0.0,0.0,0,mixr1_log_20260902_135434_48ppr_20ms.csv
48,20,10,10+1 to 10+9 s,800,211.09075478625,214.539607,24.608842570905594,11.65794427890717,164.662627,260.353413,211.04029565375,13.672973965730156,28,mixr1_log_20260902_135434_48ppr_20ms.csv
48,20,20,20+1 to 20+9 s,800,477.56212634625,477.735517,15.273149439500456,3.198149224343403,435.441717,524.378309,477.6262222525,5.1587246582400335,64,mixr1_log_20260902_135434_48ppr_20ms.csv
48,20,30,30+1 to 30+9 s,800,737.2921304862501,737.2061610000001,12.186943059877157,1.6529327461883756,697.15716,781.245898,737.3677402837499,3.4538327504665913,98,mixr1_log_20260902_135434_48ppr_20ms.csv
48,20,40,40+1 to 40+9 s,800,997.0878147525,998.554072,11.250818457367918,1.1283678619781978,944.834395,1042.119569,997.04916846625,3.578319097724648,133,mixr1_log_20260902_135434_48ppr_20ms.csv
48,20,50,50+1 to 50+9 s,800,1257.4322703799999,1256.584705,11.515808167247892,0.9158193596994118,1202.500782,1296.727757,1257.44680982125,3.561323872119835,167,mixr1_log_20260902_135434_48ppr_20ms.csv
48,20,60,60+1 to 60+9 s,800,1515.95725359125,1514.11248,15.894864127654282,1.0485034515320206,1454.975397,1576.185976,1515.8974318037501,4.637003671033477,201,mixr1_log_20260902_135434_48ppr_20ms.csv
48,20,70,70+1 to 70+9 s,800,1769.9301885025,1769.097514,18.666142426110575,1.054625913912661,1706.999619,1826.011395,1770.0906031174998,6.510343753252973,235,mixr1_log_20260902_135434_48ppr_20ms.csv
48,20,80,80+1 to 80+9 s,800,2026.1558963075001,2025.064293,15.909639447557078,0.7852129975068092,1957.184763,2088.410564,2026.08520573,5.347575821696898,268,mixr1_log_20260902_135434_48ppr_20ms.csv
48,20,90,90+1 to 90+9 s,800,2281.7826019987497,2281.1504845,18.240783257756522,0.7994093408275763,2201.167969,2371.972178,2281.80834101,6.489414969373237,304,mixr1_log_20260902_135434_48ppr_20ms.csv
96,10,0,0+1 to 0+9 s,800,0.0,0.0,0.0,,0.0,0.0,0.0,0.0,0,mixr1_log_20260902_135811_96ppr_10ms.csv
96,10,10,10+1 to 10+9 s,800,200.19041774375,208.894362,28.894147717013645,14.433332045891955,140.620106,249.99965,200.15970268375,16.790836322328644,26,mixr1_log_20260902_135811_96ppr_10ms.csv
96,10,20,20+1 to 20+9 s,800,470.51437074875,469.329682,18.506779202191446,3.9333079609748802,421.852515,520.881808,470.5416379525,5.385640774385378,62,mixr1_log_20260902_135811_96ppr_10ms.csv
96,10,30,30+1 to 30+9 s,800,733.24597420875,733.03842,15.691024961291122,2.139940144672925,671.835496,788.955996,733.24201109125,3.9567046775813526,97,mixr1_log_20260902_135811_96ppr_10ms.csv
96,10,40,40+1 to 40+9 s,800,994.95609455125,994.680269,18.50165544020772,1.8595449127383286,890.480297,1096.374589,994.9558730325001,4.73544597926699,132,mixr1_log_20260902_135811_96ppr_10ms.csv
96,10,50,50+1 to 50+9 s,800,1256.55990955,1255.657681,19.267657138469225,1.5333655794708085,1122.533121,1327.243312,1256.567348975,5.447590565066388,167,mixr1_log_20260902_135811_96ppr_10ms.csv
96,10,60,60+1 to 60+9 s,800,1515.1907349812502,1514.0586475,20.64124974770977,1.3622872204247736,1418.460551,1593.641473,1515.2045529475,5.623191351813296,201,mixr1_log_20260902_135811_96ppr_10ms.csv
96,10,70,70+1 to 70+9 s,800,1771.0490817525,1767.787534,23.45266745198919,1.3242245905902368,1590.372685,1864.597094,1771.08474551625,5.829322822510564,236,mixr1_log_20260902_135811_96ppr_10ms.csv
96,10,80,80+1 to 80+9 s,800,2028.042277435,2026.43234,33.378932895769054,1.645869677726128,1808.49202,2164.503038,2028.13567524875,8.118697190594709,270,mixr1_log_20260902_135811_96ppr_10ms.csv
96,10,90,90+1 to 90+9 s,800,2283.0420727562496,2280.989055,32.61719858349689,1.4286726895102333,2109.329017,2391.729183,2283.0091150825,8.846452833134725,303,mixr1_log_20260902_135811_96ppr_10ms.csv
96,20,0,0+1 to 0+9 s,800,0.0,0.0,0.0,,0.0,0.0,0.0,0.0,0,mixr1_log_20260902_140019_96ppr_20ms.csv
96,20,10,10+1 to 10+9 s,800,216.34322545999996,217.306729,19.695573453246457,9.103854956109085,179.679352,249.878764,216.41238484250005,10.689158446076524,29,mixr1_log_20260902_140019_96ppr_20ms.csv
96,20,20,20+1 to 20+9 s,800,481.88100555125,480.764859,12.857021400452718,2.6680905145337426,453.118634,513.113442,481.87711686125,4.331135333494234,65,mixr1_log_20260902_140019_96ppr_20ms.csv
96,20,30,30+1 to 30+9 s,800,742.4378909600001,743.940602,10.18205458943176,1.3714352019757479,704.644026,782.143823,742.44765266125,2.9137206525912074,99,mixr1_log_20260902_140019_96ppr_20ms.csv
96,20,40,40+1 to 40+9 s,800,1001.9924615012501,1000.710624,8.319167778292906,0.83026251173872,945.262212,1039.052473,1002.0113588112499,2.83295996650112,134,mixr1_log_20260902_140019_96ppr_20ms.csv
96,20,50,50+1 to 50+9 s,800,1260.94035781625,1258.630874,13.743659783210346,1.089953200245902,1208.730117,1304.980366,1260.90132713125,4.172329784010524,169,mixr1_log_20260902_140019_96ppr_20ms.csv
96,20,60,60+1 to 60+9 s,800,1520.56096523125,1520.201588,13.259497014738814,0.8720135080359822,1436.662282,1561.495646,1520.5595176574998,4.163088275092435,203,mixr1_log_20260902_140019_96ppr_20ms.csv
96,20,70,70+1 to 70+9 s,800,1777.29692735875,1774.568541,18.026815353085517,1.0142827051344345,1707.101116,1844.130256,1777.312584475,5.673112617947078,236,mixr1_log_20260902_140019_96ppr_20ms.csv
96,20,80,80+1 to 80+9 s,800,2033.78155688125,2032.2907559999999,18.33481543196618,0.9015135066954847,1948.239334,2088.530597,2033.7541680049999,5.870358450514903,271,mixr1_log_20260902_140019_96ppr_20ms.csv
96,20,90,90+1 to 90+9 s,800,2287.6304084662497,2283.798054,23.67121584361606,1.0347482598592714,2213.3263,2378.159735,2287.6132747737497,7.480797764049934,307,mixr1_log_20260902_140019_96ppr_20ms.csv
100,10,0,0+1 to 0+9 s,800,0.0,0.0,0.0,,0.0,0.0,0.0,0.0,0,mixr1_log_20260902_142240_100ppr_10ms.csv
100,10,10,10+1 to 10+9 s,800,220.20870412124998,224.615604,17.03031486916571,7.733715584552272,164.944018,254.998802,220.11523418375,8.93051736338667,29,mixr1_log_20260902_142240_100ppr_10ms.csv
100,10,20,20+1 to 20+9 s,800,485.56794017749996,487.370521,13.021436161211636,2.6816919083355533,434.97986,524.933491,485.5433420125,3.545784948646938,65,mixr1_log_20260902_142240_100ppr_10ms.csv
100,10,30,30+1 to 30+9 s,800,745.5493327974999,746.899759,13.099976025925686,1.7570904364934623,674.975296,792.905834,745.568677915,3.2551834522545717,99,mixr1_log_20260902_142240_100ppr_10ms.csv
100,10,40,40+1 to 40+9 s,800,1007.5771388012499,1006.920647,14.25637014723084,1.4149159998004863,914.441094,1079.97948,1007.5909690049999,3.394221592226999,134,mixr1_log_20260902_142240_100ppr_10ms.csv
100,10,50,50+1 to 50+9 s,800,1267.1178678675,1267.182104,17.816720770104986,1.4060823560234132,1181.884552,1339.843983,1267.14416655875,4.393074797866244,169,mixr1_log_20260902_142240_100ppr_10ms.csv
100,10,60,60+1 to 60+9 s,800,1526.71962221375,1527.578621,17.472549348036516,1.1444504343699498,1409.988579,1619.890196,1526.7358712850003,4.758550628744576,204,mixr1_log_20260902_142240_100ppr_10ms.csv
100,10,70,70+1 to 70+9 s,800,1785.7200854325001,1784.689107,23.188144937110994,1.2985318990515158,1649.714599,1874.977688,1785.68594357125,5.852054808796047,238,mixr1_log_20260902_142240_100ppr_10ms.csv
100,10,80,80+1 to 80+9 s,800,2044.8035326087497,2039.847659,29.67350114107558,1.4511663672264044,1889.998488,2159.391268,2044.81802365125,7.648126573432475,273,mixr1_log_20260902_142240_100ppr_10ms.csv
100,10,90,90+1 to 90+9 s,800,2300.6387967912506,2294.9201365,32.47852666659595,1.4117177677736477,2099.884716,2446.800959,2300.6973647625,8.11805576397892,307,mixr1_log_20260902_142240_100ppr_10ms.csv
100,20,0,0+1 to 0+9 s,800,0.0,0.0,0.0,,0.0,0.0,0.0,0.0,0,mixr1_log_20260902_142445_100ppr_20ms.csv
100,20,10,10+1 to 10+9 s,800,222.13313316250003,225.305037,15.814339419606748,7.119306874421959,189.963051,252.114342,222.2244826775,8.348868445792135,30,mixr1_log_20260902_142445_100ppr_20ms.csv
100,20,20,20+1 to 20+9 s,800,487.83915704875,487.14879199999996,10.579675778646397,2.1686811371702097,461.958322,519.724536,487.8142780237499,3.4732556483545887,65,mixr1_log_20260902_142445_100ppr_20ms.csv
100,20,30,30+1 to 30+9 s,800,748.3028066774999,749.1359164999999,10.061083020243375,1.3445202838293582,712.607779,794.994753,748.28173580375,3.2882127487475437,100,mixr1_log_20260902_142445_100ppr_20ms.csv
100,20,40,40+1 to 40+9 s,800,1008.6547012462499,1007.302597,9.77065530510276,0.9686818782513543,964.784841,1048.329535,1008.6345930725,2.948663318745422,134,mixr1_log_20260902_142445_100ppr_20ms.csv
100,20,50,50+1 to 50+9 s,800,1268.34502395125,1266.115365,12.517097802782592,0.9868842914515742,1222.070827,1310.700226,1268.23278755625,3.9166683019124604,169,mixr1_log_20260902_142445_100ppr_20ms.csv
100,20,60,60+1 to 60+9 s,800,1526.9117359450001,1523.096696,16.766686038357864,1.0980782741826935,1475.838325,1582.426633,1526.8048080462502,5.168494806481464,203,mixr1_log_20260902_142445_100ppr_20ms.csv
100,20,70,70+1 to 70+9 s,800,1785.7938771337504,1782.4716775,18.598975487650613,1.041496206578023,1717.339289,1846.63866,1785.8051689587498,5.57199268925972,238,mixr1_log_20260902_142445_100ppr_20ms.csv
100,20,80,80+1 to 80+9 s,800,2044.08698484,2040.722697,18.184556598712263,0.8896175521677053,1966.906453,2141.414416,2044.0783160162503,5.116621429528745,272,mixr1_log_20260902_142445_100ppr_20ms.csv
100,20,90,90+1 to 90+9 s,800,2300.3631156025,2299.279816,22.670925389753865,0.9855368152960499,2214.99998,2381.294101,2300.388948595,6.841344806360347,308,mixr1_log_20260902_142445_100ppr_20ms.csv
125,10,0,0+1 to 0+9 s,800,0.0,0.0,0.0,,0.0,0.0,0.0,0.0,0,mixr1_log_20260902_142905_125ppr_10ms.csv
125,10,10,10+1 to 10+9 s,800,223.49303501125,225.295491,15.3109111007011,6.850732999321608,186.016608,258.049494,223.37675398375004,8.036719135177362,30,mixr1_log_20260902_142905_125ppr_10ms.csv
125,10,20,20+1 to 20+9 s,800,487.82822902125,488.9218775,11.993829793275106,2.4586174148508837,431.641004,528.5412,487.85537192,3.3583108793961363,64,mixr1_log_20260902_142905_125ppr_10ms.csv
125,10,30,30+1 to 30+9 s,800,747.4546833612499,746.424515,10.871443861132821,1.4544619363738176,695.851575,804.91195,747.4436223212499,2.8519854121334967,99,mixr1_log_20260902_142905_125ppr_10ms.csv
125,10,40,40+1 to 40+9 s,800,1008.29269798625,1006.554052,14.138636128420554,1.4022352990017746,945.29244,1064.820765,1008.3020520075,3.572654796191562,134,mixr1_log_20260902_142905_125ppr_10ms.csv
125,10,50,50+1 to 50+9 s,800,1268.39081977,1265.8969284999998,18.64163646059353,1.4697076145642445,1187.961866,1345.443277,1268.284880535,4.4903159142469615,168,mixr1_log_20260902_142905_125ppr_10ms.csv
125,10,60,60+1 to 60+9 s,800,1527.07185497625,1523.99299,20.30970661044275,1.3299771418260222,1391.570979,1602.638853,1527.06937821,5.487579664994673,202,mixr1_log_20260902_142905_125ppr_10ms.csv
125,10,70,70+1 to 70+9 s,800,1784.5686056050001,1782.1763465,24.866220175538583,1.3934023100842625,1643.782199,1872.85942,1784.38721747,6.320416876741956,236,mixr1_log_20260902_142905_125ppr_10ms.csv
125,10,80,80+1 to 80+9 s,800,2046.1320819237503,2041.5568,29.217112609485913,1.4279191879937834,1888.783309,2162.057809,2046.00153572125,6.938372129254444,272,mixr1_log_20260902_142905_125ppr_10ms.csv
125,10,90,90+1 to 90+9 s,800,2300.79728478375,2298.028898,31.40294804644659,1.364872440267945,2095.048635,2420.164694,2300.79180123625,7.797543465603826,309,mixr1_log_20260902_142905_125ppr_10ms.csv
125,20,0,0+1 to 0+9 s,800,0.0,0.0,0.0,,0.0,0.0,0.0,0.0,0,mixr1_log_20260902_143106_125ppr_20ms.csv
125,20,10,10+1 to 10+9 s,800,221.81918556625,224.0076315,15.739751785208165,7.095757630264685,191.98353,253.046428,221.60211338375,8.404369132615214,30,mixr1_log_20260902_143106_125ppr_20ms.csv
125,20,20,20+1 to 20+9 s,800,487.76168907,488.04013050000003,10.103018548505132,2.0713021901675472,449.85427,521.978286,487.782627455,3.3970465722744034,65,mixr1_log_20260902_143106_125ppr_20ms.csv
125,20,30,30+1 to 30+9 s,800,748.35583805125,748.5023125,9.727597560551065,1.299862587546873,727.611583,778.405868,748.34625955125,3.0144563346576567,100,mixr1_log_20260902_143106_125ppr_20ms.csv
125,20,40,40+1 to 40+9 s,800,1008.504057795,1007.604983,9.520901618152708,0.944061805657904,966.35864,1055.258725,1008.5098652137499,3.027210175768226,134,mixr1_log_20260902_143106_125ppr_20ms.csv
125,20,50,50+1 to 50+9 s,800,1268.55132856,1266.631492,11.879090415044725,0.9364296223259103,1211.736103,1319.971687,1268.48309907625,3.540720913963068,169,mixr1_log_20260902_143106_125ppr_20ms.csv
125,20,60,60+1 to 60+9 s,800,1527.8355890375,1525.851862,13.173071195832282,0.8622047614515251,1459.74141,1566.418032,1527.94493753625,4.041803189410172,204,mixr1_log_20260902_143106_125ppr_20ms.csv
125,20,70,70+1 to 70+9 s,800,1787.3119224162501,1784.295326,18.322918559899684,1.0251662471500276,1726.41426,1865.973503,1787.3189783287503,5.372366044543778,238,mixr1_log_20260902_143106_125ppr_20ms.csv
125,20,80,80+1 to 80+9 s,800,2046.3379985025,2039.8271435,21.979148744599804,1.0740722578911224,1966.775333,2111.847423,2046.33129854,6.325078940258233,273,mixr1_log_20260902_143106_125ppr_20ms.csv
125,20,90,90+1 to 90+9 s,800,2301.87715419125,2297.9905785,20.170449079086893,0.8762608830953731,2213.693735,2395.706893,2301.90877133125,5.256325037465215,308,mixr1_log_20260902_143106_125ppr_20ms.csv
192,10,0,0+1 to 0+9 s,800,0.0,0.0,0.0,,0.0,0.0,0.0,0.0,0,mixr1_log_20260902_143435_192ppr_10ms.csv
192,10,10,10+1 to 10+9 s,800,220.3730951875,221.96277700000002,16.861950515459284,7.651546801170367,187.266834,256.889302,220.2394744475,9.042545619406521,29,mixr1_log_20260902_143435_192ppr_10ms.csv
192,10,20,20+1 to 20+9 s,800,486.35635316624996,487.1745,13.008550894703152,2.674695377168533,429.641056,527.344805,486.36210998499996,3.6865918050341877,64,mixr1_log_20260902_143435_192ppr_10ms.csv
192,10,30,30+1 to 30+9 s,800,747.214904565,747.151674,13.285463453431277,1.777997651313656,679.680703,803.330971,747.2640221112501,3.249235676584673,99,mixr1_log_20260902_143435_192ppr_10ms.csv
192,10,40,40+1 to 40+9 s,800,1008.5533361475001,1006.726651,14.274458343881777,1.4153399559816784,906.042879,1056.109711,1008.5922894975,3.4379244624217393,135,mixr1_log_20260902_143435_192ppr_10ms.csv
192,10,50,50+1 to 50+9 s,800,1266.87063658375,1265.389764,17.405664137368063,1.3739101400522054,1179.614482,1328.111586,1266.90396206125,4.60734063834634,169,mixr1_log_20260902_143435_192ppr_10ms.csv
192,10,60,60+1 to 60+9 s,800,1526.8246776425,1525.399303,25.608158468299763,1.6772166996829097,1406.596147,1622.938966,1526.6729754862497,6.1199993644442285,202,mixr1_log_20260902_143435_192ppr_10ms.csv
192,10,70,70+1 to 70+9 s,800,1783.85029878125,1781.116594,30.318746037670927,1.699623901085483,1609.039998,1884.653382,1783.70777162875,7.365612288217645,236,mixr1_log_20260902_143435_192ppr_10ms.csv
192,10,80,80+1 to 80+9 s,800,2042.7223726587501,2039.956557,34.75040975602093,1.7011812383878073,1874.363279,2154.456948,2042.61556584,8.539251369154924,269,mixr1_log_20260902_143435_192ppr_10ms.csv
192,10,90,90+1 to 90+9 s,800,2298.047712785,2296.243763,37.13509542021917,1.615941009998231,2156.152326,2425.568029,2297.957469855,8.62687672956176,306,mixr1_log_20260902_143435_192ppr_10ms.csv
192,20,0,0+1 to 0+9 s,800,0.0,0.0,0.0,,0.0,0.0,0.0,0.0,0,mixr1_log_20260902_143640_192ppr_20ms.csv
192,20,10,10+1 to 10+9 s,800,221.41658322625,222.50050850000002,16.42271909086239,7.41711341199822,189.768922,257.529475,221.61073113749998,8.721012478808058,29,mixr1_log_20260902_143640_192ppr_20ms.csv
192,20,20,20+1 to 20+9 s,800,487.98944110375,487.768957,8.988151337789013,1.8418741433132915,464.810632,519.766765,487.9616854225,3.079913989729694,65,mixr1_log_20260902_143640_192ppr_20ms.csv
192,20,30,30+1 to 30+9 s,800,749.1376092375,749.243626,7.744423399637903,1.0337784813020485,728.762981,792.968076,749.18501176625,2.782073615006325,100,mixr1_log_20260902_143640_192ppr_20ms.csv
192,20,40,40+1 to 40+9 s,800,1009.8995459449999,1006.517233,13.432283879168196,1.3300613841349058,958.528532,1047.790672,1009.86001284125,3.8248349297097857,134,mixr1_log_20260902_143640_192ppr_20ms.csv
192,20,50,50+1 to 50+9 s,800,1269.762326835,1265.782508,15.714805397677761,1.2376178648210776,1224.098533,1316.392954,1269.7816622675,4.209798349324338,169,mixr1_log_20260902_143640_192ppr_20ms.csv
192,20,60,60+1 to 60+9 s,800,1528.8363305925002,1523.4192189999999,18.826297789916367,1.2314135537726423,1477.353771,1576.463368,1528.7927781575,5.025874290392231,203,mixr1_log_20260902_143640_192ppr_20ms.csv
192,20,70,70+1 to 70+9 s,800,1785.9501148925,1782.386707,23.427143773609984,1.3117468163448738,1694.951306,1853.3419,1785.8521799987502,5.72674596986781,238,mixr1_log_20260902_143640_192ppr_20ms.csv
192,20,80,80+1 to 80+9 s,800,2042.9658853299998,2037.651745,24.106356812092034,1.179968641923658,1941.277834,2130.685288,2042.866986575,6.551135767909974,273,mixr1_log_20260902_143640_192ppr_20ms.csv
192,20,90,90+1 to 90+9 s,800,2297.918080355,2290.917884,26.375929592490564,1.1478185326961619,2238.805689,2370.813198,2298.07225262625,7.422208194101309,308,mixr1_log_20260902_143640_192ppr_20ms.csv
200,10,0,0+1 to 0+9 s,800,0.0,0.0,0.0,,0.0,0.0,0.0,0.0,0,mixr1_log_20260902_144148_200ppr_10ms.csv
200,10,10,10+1 to 10+9 s,800,211.6474273275,217.4733485,23.96496529802377,11.323060053520399,157.459454,254.998547,211.52112847,13.22021264805762,28,mixr1_log_20260902_144148_200ppr_10ms.csv
200,10,20,20+1 to 20+9 s,800,477.92952152500004,479.76137,15.469921015759303,3.2368624073267434,427.484696,523.157683,478.01460010374996,4.421536978719483,63,mixr1_log_20260902_144148_200ppr_10ms.csv
200,10,30,30+1 to 30+9 s,800,739.14822889125,740.141969,12.663593758461777,1.7132684979111215,674.98893,783.755996,739.0947881087501,3.2253119419634224,98,mixr1_log_20260902_144148_200ppr_10ms.csv
200,10,40,40+1 to 40+9 s,800,998.9987263025,997.483442,14.980647633974025,1.4995662396308036,914.978955,1072.127543,999.073954815,3.9478000930649904,132,mixr1_log_20260902_144148_200ppr_10ms.csv
200,10,50,50+1 to 50+9 s,800,1258.00383541875,1254.323683,20.669151716922485,1.6430118203926123,1169.265467,1378.24445,1258.0171083225,4.845138228306705,168,mixr1_log_20260902_144148_200ppr_10ms.csv
200,10,60,60+1 to 60+9 s,800,1518.5646894212498,1514.993372,26.771367458484253,1.76293888860851,1380.607555,1619.769547,1518.65610161,6.899470119420582,202,mixr1_log_20260902_144148_200ppr_10ms.csv
200,10,70,70+1 to 70+9 s,800,1776.6366730099999,1773.718339,28.48085106064928,1.6030768413891103,1643.407739,1869.15858,1776.68024453,6.131182817978406,235,mixr1_log_20260902_144148_200ppr_10ms.csv
200,10,80,80+1 to 80+9 s,800,2036.9844547599996,2032.518953,29.466035983182902,1.4465518337328025,1923.869426,2143.051538,2036.9255641012498,7.0256979945880795,271,mixr1_log_20260902_144148_200ppr_10ms.csv
200,10,90,90+1 to 90+9 s,800,2293.28462208875,2287.697352,39.518076013092596,1.7232085207591494,2100.809769,2407.490129,2293.33013611625,9.223763791331095,304,mixr1_log_20260902_144148_200ppr_10ms.csv
200,20,0,0+1 to 0+9 s,800,0.0,0.0,0.0,,0.0,0.0,0.0,0.0,0,mixr1_log_20260902_144350_200ppr_20ms.csv
200,20,10,10+1 to 10+9 s,800,215.822204245,222.833622,21.972434828209995,10.180803641161512,172.441094,247.497575,215.64202549375,11.99393368538993,29,mixr1_log_20260902_144350_200ppr_20ms.csv
200,20,20,20+1 to 20+9 s,800,482.28452049875,483.488781,13.09662338112614,2.715538820856699,448.706512,518.634621,482.35465235375,4.291446877443577,64,mixr1_log_20260902_144350_200ppr_20ms.csv
200,20,30,30+1 to 30+9 s,800,742.3702475825,741.921302,8.952506150497742,1.2059354721786375,707.87991,774.291726,742.37760469625,2.8949894619321648,99,mixr1_log_20260902_144350_200ppr_20ms.csv
200,20,40,40+1 to 40+9 s,800,1004.71475872875,1002.401394,12.324758836195903,1.2266923252715258,965.490724,1042.623101,1004.7128408775,3.566783634266626,134,mixr1_log_20260902_144350_200ppr_20ms.csv
200,20,50,50+1 to 50+9 s,800,1265.127995685,1259.9932275,16.273692071617656,1.2863277176003294,1203.629457,1313.132475,1265.1479493825,4.404431447690758,168,mixr1_log_20260902_144350_200ppr_20ms.csv
200,20,60,60+1 to 60+9 s,800,1524.3536987712498,1519.8492495,17.78935367355041,1.167009578412808,1472.764227,1589.707334,1524.3513485237502,4.954521799807475,203,mixr1_log_20260902_144350_200ppr_20ms.csv
200,20,70,70+1 to 70+9 s,800,1783.04461068,1777.377601,21.12452343188012,1.1847445266007033,1723.47474,1847.88606,1783.033407535,6.009803467450509,237,mixr1_log_20260902_144350_200ppr_20ms.csv
200,20,80,80+1 to 80+9 s,800,2040.0743494425,2033.423679,25.354616889388573,1.2428280810607386,1960.297296,2114.780085,2040.1057283212501,7.1767130922237685,272,mixr1_log_20260902_144350_200ppr_20ms.csv
200,20,90,90+1 to 90+9 s,800,2295.35748399875,2294.740465,27.617967334015095,1.203209849731195,2227.655097,2378.397596,2295.4184660875,8.203328166804729,306,mixr1_log_20260902_144350_200ppr_20ms.csv
250,10,0,0+1 to 0+9 s,800,0.0,0.0,0.0,,0.0,0.0,0.0,0.0,0,mixr1_log_20260902_144645_250ppr_10ms.csv
250,10,10,10+1 to 10+9 s,800,212.77763033374998,216.558474,21.98963231622023,10.334560208104882,162.172517,251.993045,212.71059294875,12.2051442534056,28,mixr1_log_20260902_144645_250ppr_10ms.csv
250,10,20,20+1 to 20+9 s,800,477.02081350875,478.267777,15.718882504717035,3.295219424304785,431.92938,529.66731,477.0251385275,4.433993442208918,64,mixr1_log_20260902_144645_250ppr_10ms.csv
250,10,30,30+1 to 30+9 s,800,736.9807344400001,737.205968,12.307262258473202,1.6699571214470021,671.991869,791.962461,736.9682610062501,3.1710185319211237,98,mixr1_log_20260902_144645_250ppr_10ms.csv
250,10,40,40+1 to 40+9 s,800,995.7798117924999,995.729361,16.17339043609733,1.6241934456357034,905.987044,1064.535585,995.78554731375,4.343802230147026,132,mixr1_log_20260902_144645_250ppr_10ms.csv
250,10,50,50+1 to 50+9 s,800,1252.5658302675,1249.206426,23.03535349596831,1.8390533207383473,1139.544296,1338.420122,1252.51693310125,5.495965551089857,166,mixr1_log_20260902_144645_250ppr_10ms.csv
250,10,60,60+1 to 60+9 s,800,1514.0040915837499,1509.62038,25.36747313801569,1.6755220992487287,1408.989811,1599.593367,1514.0715369175002,5.887582971254312,200,mixr1_log_20260902_144645_250ppr_10ms.csv
250,10,70,70+1 to 70+9 s,800,1774.225255175,1769.972742,29.544008350924138,1.6651779848557096,1661.795765,1910.96718,1774.2714332412497,6.747552496742732,235,mixr1_log_20260902_144645_250ppr_10ms.csv
250,10,80,80+1 to 80+9 s,800,2033.6702828300001,2027.9739405,31.28693133117659,1.5384466004803172,1918.072115,2164.13726,2033.6505865400002,7.708946320561678,269,mixr1_log_20260902_144645_250ppr_10ms.csv
250,10,90,90+1 to 90+9 s,800,2290.78098699125,2287.3341585,36.30070592866927,1.5846432345480228,2122.932377,2428.57484,2290.8521563637496,8.523343204827189,303,mixr1_log_20260902_144645_250ppr_10ms.csv
250,20,0,0+1 to 0+9 s,800,0.0,0.0,0.0,,0.0,0.0,0.0,0.0,0,mixr1_log_20260902_144854_250ppr_20ms.csv
250,20,10,10+1 to 10+9 s,800,213.54644045625,216.015608,22.046508624422504,10.323987876978567,175.586008,246.136383,213.39923564750003,12.199191404906719,29,mixr1_log_20260902_144854_250ppr_20ms.csv
250,20,20,20+1 to 20+9 s,800,481.05115198,481.945618,12.859364333171428,2.673180238783851,450.205489,521.987211,481.0450091675,4.136075422002098,64,mixr1_log_20260902_144854_250ppr_20ms.csv
250,20,30,30+1 to 30+9 s,800,741.9734925124999,741.329923,8.59310460811367,1.1581417253890514,705.661092,775.242311,741.9721361875002,2.744624809307887,99,mixr1_log_20260902_144854_250ppr_20ms.csv
250,20,40,40+1 to 40+9 s,800,1001.29400091125,998.965061,11.310844559674956,1.129622723134391,965.082184,1036.429049,1001.32208662,3.313954626696007,133,mixr1_log_20260902_144854_250ppr_20ms.csv
250,20,50,50+1 to 50+9 s,800,1258.4246414937502,1253.966425,16.209350313345244,1.2880668240972095,1220.907498,1306.707619,1258.3895846025,4.486621257037061,167,mixr1_log_20260902_144854_250ppr_20ms.csv
250,20,60,60+1 to 60+9 s,800,1519.4754009212502,1515.367014,18.140020845269966,1.1938344532772143,1439.809369,1570.412816,1519.4670818974998,4.898111193478246,202,mixr1_log_20260902_144854_250ppr_20ms.csv
250,20,70,70+1 to 70+9 s,800,1778.06737441,1773.027582,20.474450657345226,1.1515002722626908,1730.348994,1852.397676,1778.08095760625,5.54032361938805,235,mixr1_log_20260902_144854_250ppr_20ms.csv
250,20,80,80+1 to 80+9 s,800,2036.66960546,2032.053815,23.80692074065827,1.1689142253036797,1943.184445,2114.300451,2036.682533935,6.591196183911586,270,mixr1_log_20260902_144854_250ppr_20ms.csv
250,20,90,90+1 to 90+9 s,800,2294.0021269275,2285.414848,54.78762630972012,2.38829884535027,1474.874229,2592.377196,2293.986980795,15.06714102612461,304,mixr1_log_20260902_144854_250ppr_20ms.csv
256,10,0,0+1 to 0+9 s,800,0.0,0.0,0.0,,0.0,0.0,0.0,0.0,0,mixr1_log_20260902_145221_256ppr_10ms.csv
256,10,10,10+1 to 10+9 s,800,219.189791765,223.172364,14.698877121021804,6.70600441866422,185.832905,251.852787,219.15237220125,7.813014615341019,30,mixr1_log_20260902_145221_256ppr_10ms.csv
256,10,20,20+1 to 20+9 s,800,482.58456979249996,482.701888,11.522337062756565,2.3876306421713607,448.509265,521.375095,482.63320391125,3.194274315242844,64,mixr1_log_20260902_145221_256ppr_10ms.csv
256,10,30,30+1 to 30+9 s,800,742.3744829937501,743.098872,11.762018450317251,1.5843780625224255,667.917855,790.97576,742.38431111125,3.0510173994374865,99,mixr1_log_20260902_145221_256ppr_10ms.csv
256,10,40,40+1 to 40+9 s,800,1003.2518970925,1001.080011,17.729519557281204,1.7672051863208724,913.529273,1073.924961,1003.2594397975001,4.6287127916295505,134,mixr1_log_20260902_145221_256ppr_10ms.csv
256,10,50,50+1 to 50+9 s,800,1262.49481831,1259.7079935000002,20.149097451936207,1.5959746653778886,1171.800708,1331.673326,1262.5626280225,4.736095043641918,168,mixr1_log_20260902_145221_256ppr_10ms.csv
256,10,60,60+1 to 60+9 s,800,1522.71103416,1522.715821,23.550968980819537,1.5466472923939487,1412.087911,1611.502661,1522.7172887862498,5.795706721428397,203,mixr1_log_20260902_145221_256ppr_10ms.csv
256,10,70,70+1 to 70+9 s,800,1781.2035269712499,1775.6685045,29.52740869469741,1.6577223347915597,1637.712819,1898.027834,1781.2679450824999,6.925649765013564,237,mixr1_log_20260902_145221_256ppr_10ms.csv
256,10,80,80+1 to 80+9 s,800,2040.24857723875,2033.202108,36.23776524942396,1.7761446155971714,1856.764209,2159.790658,2040.17781435,8.908794857607985,271,mixr1_log_20260902_145221_256ppr_10ms.csv
256,10,90,90+1 to 90+9 s,800,2295.5478097937503,2291.784602,337.9181489666165,14.720588590005349,0.0,7119.379543,2295.51036659125,87.39347951357622,306,mixr1_log_20260902_145221_256ppr_10ms.csv
256,20,0,0+1 to 0+9 s,800,0.0,0.0,0.0,,0.0,0.0,0.0,0.0,0,mixr1_log_20260902_145422_256ppr_20ms.csv
256,20,10,10+1 to 10+9 s,800,217.8229013775,220.141227,15.935737777526626,7.315914753109016,188.192382,243.592044,217.87109934125002,8.569092736632303,29,mixr1_log_20260902_145422_256ppr_20ms.csv
256,20,20,20+1 to 20+9 s,800,483.68042598,484.614184,10.205544139642576,2.1099766687818313,450.013248,517.862461,483.6284856675,3.3340426565958907,65,mixr1_log_20260902_145422_256ppr_20ms.csv
256,20,30,30+1 to 30+9 s,800,745.1470272212499,745.0933,7.609370356305311,1.0211904601809447,706.124617,778.952825,745.11537247125,2.6355049434680224,99,mixr1_log_20260902_145422_256ppr_20ms.csv
256,20,40,40+1 to 40+9 s,800,1006.7754836425,1004.841066,11.458687558312327,1.1381571904050496,954.74072,1051.351943,1006.7255677512501,3.5517054089632905,134,mixr1_log_20260902_145422_256ppr_20ms.csv
256,20,50,50+1 to 50+9 s,800,1267.04243816,1264.141708,15.924853481659424,1.2568524148871847,1215.065791,1311.231721,1267.0521265525,4.288995987371304,169,mixr1_log_20260902_145422_256ppr_20ms.csv
256,20,60,60+1 to 60+9 s,800,1527.2702598287499,1523.644177,18.28771718866642,1.1974119885446464,1455.549757,1582.402077,1527.2015391062496,4.948418237352726,203,mixr1_log_20260902_145422_256ppr_20ms.csv
256,20,70,70+1 to 70+9 s,800,1787.8173717312502,1784.124068,20.056737802253114,1.1218560754240225,1736.663964,1857.092926,1787.8149695912498,5.719807564112427,238,mixr1_log_20260902_145422_256ppr_20ms.csv
256,20,80,80+1 to 80+9 s,800,2047.22399901625,2041.699281,23.35978958733819,1.1410470763611231,1988.17065,2127.866221,2047.23413304,6.370848636129434,272,mixr1_log_20260902_145422_256ppr_20ms.csv
256,20,90,90+1 to 90+9 s,800,2304.48653802,2298.265481,238.8116141850328,10.362899077302409,0.0,5721.628479,2304.51861273,55.10430685425309,307,mixr1_log_20260902_145422_256ppr_20ms.csv
