Sampling Window (ms),PWM (%),Comparison,Mean RPM Difference,SD Difference (RPM),CV Difference (%),Revolution Difference
10,0,96 PPR - 48 PPR,0.0,0.0,,0
10,0,100 PPR - 48 PPR,0.0,0.0,,0
10,0,125 PPR - 48 PPR,0.0,0.0,,0
10,0,192 PPR - 48 PPR,0.0,0.0,,0
10,0,200 PPR - 48 PPR,0.0,0.0,,0
10,0,250 PPR - 48 PPR,0.0,0.0,,0
10,0,256 PPR - 48 PPR,0.0,0.0,,0
10,0,100 PPR - 96 PPR,0.0,0.0,,0
10,0,125 PPR - 96 PPR,0.0,0.0,,0
10,0,192 PPR - 96 PPR,0.0,0.0,,0
10,0,200 PPR - 96 PPR,0.0,0.0,,0
10,0,250 PPR - 96 PPR,0.0,0.0,,0
10,0,256 PPR - 96 PPR,0.0,0.0,,0
10,0,125 PPR - 100 PPR,0.0,0.0,,0
10,0,192 PPR - 100 PPR,0.0,0.0,,0
10,0,200 PPR - 100 PPR,0.0,0.0,,0
10,0,250 PPR - 100 PPR,0.0,0.0,,0
10,0,256 PPR - 100 PPR,0.0,0.0,,0
10,0,192 PPR - 125 PPR,0.0,0.0,,0
10,0,200 PPR - 125 PPR,0.0,0.0,,0
10,0,250 PPR - 125 PPR,0.0,0.0,,0
10,0,256 PPR - 125 PPR,0.0,0.0,,0
10,0,200 PPR - 192 PPR,0.0,0.0,,0
10,0,250 PPR - 192 PPR,0.0,0.0,,0
10,0,256 PPR - 192 PPR,0.0,0.0,,0
10,0,250 PPR - 200 PPR,0.0,0.0,,0
10,0,256 PPR - 200 PPR,0.0,0.0,,0
10,0,256 PPR - 250 PPR,0.0,0.0,,0
10,10,96 PPR - 48 PPR,-8.027829588749995,2.0594470552623747,1.5455563559451377,-2
10,10,100 PPR - 48 PPR,11.99045678874998,-9.80438579258556,-5.154060105394546,1
10,10,125 PPR - 48 PPR,15.274787678749988,-11.52378956105017,-6.037042690625209,2
10,10,192 PPR - 48 PPR,12.154847855000014,-9.972750146291986,-5.23622888877645,1
10,10,200 PPR - 48 PPR,3.4291799949999984,-2.8697353637275,-1.5647156364264188,0
10,10,250 PPR - 48 PPR,4.559383001249984,-4.84506834553104,-2.553215481841935,0
10,10,256 PPR - 48 PPR,10.971544432499996,-12.135823540729467,-6.181771271282598,2
10,10,100 PPR - 96 PPR,20.018286377499976,-11.863832847847934,-6.699616461339684,3
10,10,125 PPR - 96 PPR,23.302617267499983,-13.583236616312545,-7.582599046570347,4
10,10,192 PPR - 96 PPR,20.18267744375001,-12.03219720155436,-6.781785244721588,3
10,10,200 PPR - 96 PPR,11.457009583749993,-4.929182418989875,-3.1102719923715565,2
10,10,250 PPR - 96 PPR,12.587212589999979,-6.904515400793414,-4.098771837787073,2
10,10,256 PPR - 96 PPR,18.99937402124999,-14.195270595991841,-7.727327627227735,4
10,10,125 PPR - 100 PPR,3.2843308900000068,-1.7194037684646108,-0.8829825852306632,1
10,10,192 PPR - 100 PPR,0.1643910662500332,-0.16836435370642633,-0.08216878338190448,0
10,10,200 PPR - 100 PPR,-8.561276793749983,6.93465042885806,3.589344468968127,-1
10,10,250 PPR - 100 PPR,-7.431073787499997,4.95931744705452,2.600844623552611,-1
10,10,256 PPR - 100 PPR,-1.0189123562499844,-2.331437748143907,-1.0277111658880518,1
10,10,192 PPR - 125 PPR,-3.1199398237499736,1.5510394147581845,0.8008138018487587,-1
10,10,200 PPR - 125 PPR,-11.84560768374999,8.65405419732267,4.47232705419879,-2
10,10,250 PPR - 125 PPR,-10.715404677500004,6.678721215519131,3.483827208783274,-2
10,10,256 PPR - 125 PPR,-4.303243246249991,-0.6120339796792962,-0.14472858065738858,0
10,10,200 PPR - 192 PPR,-8.725667860000016,7.103014782564486,3.6715132523500316,-1
10,10,250 PPR - 192 PPR,-7.59546485375003,5.127681800760946,2.6830134069345153,-1
10,10,256 PPR - 192 PPR,-1.1833034225000176,-2.1630733944374807,-0.9455423825061473,1
10,10,250 PPR - 200 PPR,1.1302030062499853,-1.9753329818035397,-0.9884998454155163,0
10,10,256 PPR - 200 PPR,7.542364437499998,-9.266088177001967,-4.617055634856179,2
10,10,256 PPR - 250 PPR,6.412161431250013,-7.290755195198427,-3.6285557894406626,2
10,20,96 PPR - 48 PPR,-3.775697677499977,0.5053699719104152,0.1378649549655373,-1
10,20,100 PPR - 48 PPR,11.277871751249961,-4.979973069069395,-1.1137510976737897,2
10,20,125 PPR - 48 PPR,13.538160595000022,-6.007579437005925,-1.3368255911584592,1
10,20,192 PPR - 48 PPR,12.066284739999958,-4.992858335577878,-1.1207476288408098,1
10,20,200 PPR - 48 PPR,3.639453098750039,-2.531488214521728,-0.5585805986825996,0
10,20,250 PPR - 48 PPR,2.7307450824999933,-2.2825267255639954,-0.5002235817045579,1
10,20,256 PPR - 48 PPR,8.29450136624996,-6.479072167524466,-1.4078123638379823,1
10,20,100 PPR - 96 PPR,15.053569428749938,-5.48534304097981,-1.251616052639327,3
10,20,125 PPR - 96 PPR,17.3138582725,-6.51294940891634,-1.4746905461239965,2
10,20,192 PPR - 96 PPR,15.841982417499935,-5.498228307488294,-1.258612583806347,2
10,20,200 PPR - 96 PPR,7.415150776250016,-3.036858186432143,-0.6964455536481369,1
10,20,250 PPR - 96 PPR,6.50644275999997,-2.7878966974744106,-0.6380885366700952,2
10,20,256 PPR - 96 PPR,12.070199043749938,-6.984442139434881,-1.5456773188035196,2
10,20,125 PPR - 100 PPR,2.260288843750061,-1.0276063679365297,-0.22307449348466957,-1
10,20,192 PPR - 100 PPR,0.7884129887499967,-0.01288526650848354,-0.006996531167020148,-1
10,20,200 PPR - 100 PPR,-7.638418652499922,2.448484854547667,0.5551704989911901,-2
10,20,250 PPR - 100 PPR,-8.547126668749968,2.6974463435053995,0.6135275159692317,-1
10,20,256 PPR - 100 PPR,-2.9833703850000006,-1.499099098455071,-0.2940612661641926,-1
10,20,192 PPR - 125 PPR,-1.4718758550000643,1.0147211014280462,0.21607796231764942,0
10,20,200 PPR - 125 PPR,-9.898707496249983,3.4760912224841967,0.7782449924758597,-1
10,20,250 PPR - 125 PPR,-10.807415512500029,3.725052711441929,0.8366020094539013,0
10,20,256 PPR - 125 PPR,-5.243659228750062,-0.47149273051854124,-0.07098677267952302,0
10,20,200 PPR - 192 PPR,-8.426831641249919,2.4613701210561505,0.5621670301582102,-1
10,20,250 PPR - 192 PPR,-9.335539657499965,2.710331610013883,0.6205240471362519,0
10,20,256 PPR - 192 PPR,-3.7717833737499973,-1.4862138319465874,-0.28706473499717244,0
10,20,250 PPR - 200 PPR,-0.9087080162500456,0.2489614889577325,0.05835701697804163,1
10,20,256 PPR - 200 PPR,4.655048267499922,-3.947583953002738,-0.8492317651553827,1
10,20,256 PPR - 250 PPR,5.563756283749967,-4.19654544196047,-0.9075887821334243,0
10,30,96 PPR - 48 PPR,0.8051940912500868,-0.6319667254053005,-0.08863479678211661,0
10,30,100 PPR - 48 PPR,13.108552680000003,-3.223015660770736,-0.47148450496157923,2
10,30,125 PPR - 48 PPR,15.013903243749951,-5.451547825563601,-0.7741130050812239,2
10,30,192 PPR - 48 PPR,14.774124447500071,-3.037528233265146,-0.4505772901413856,2
10,30,200 PPR - 48 PPR,6.707448773750116,-3.659397928234645,-0.5153064435439201,1
10,30,250 PPR - 48 PPR,4.5399543225001935,-4.015729428223221,-0.5586178200080394,1
10,30,256 PPR - 48 PPR,9.933702876250209,-4.560973236379171,-0.644196878932616,2
10,30,100 PPR - 96 PPR,12.303358588749916,-2.5910489353654356,-0.3828497081794626,2
10,30,125 PPR - 96 PPR,14.208709152499864,-4.819581100158301,-0.6854782082991073,2
10,30,192 PPR - 96 PPR,13.968930356249984,-2.4055615078598453,-0.361942493359269,2
10,30,200 PPR - 96 PPR,5.902254682500029,-3.0274312028293444,-0.42667164676180347,1
10,30,250 PPR - 96 PPR,3.7347602312501067,-3.3837627028179202,-0.4699830232259228,1
10,30,256 PPR - 96 PPR,9.128508785000122,-3.9290065109738705,-0.5555620821504994,2
10,30,125 PPR - 100 PPR,1.9053505637499484,-2.228532164792865,-0.3026285001196447,0
10,30,192 PPR - 100 PPR,1.6655717675000687,0.18548742750559022,0.020907214820193643,0
10,30,200 PPR - 100 PPR,-6.401103906249887,-0.43638226746390885,-0.04382193858234085,-1
10,30,250 PPR - 100 PPR,-8.568598357499809,-0.7927137674524847,-0.08713331504646016,-1
10,30,256 PPR - 100 PPR,-3.174849803749794,-1.337957575608435,-0.17271237397103678,0
10,30,192 PPR - 125 PPR,-0.23977879624987963,2.4140195922984553,0.32353571493983835,0
10,30,200 PPR - 125 PPR,-8.306454469999835,1.7921498973289562,0.25880656153730386,-1
10,30,250 PPR - 125 PPR,-10.473948921249757,1.4358183973403804,0.21549518507318455,-1
10,30,256 PPR - 125 PPR,-5.080200367499742,0.8905745891844301,0.12991612614860792,0
10,30,200 PPR - 192 PPR,-8.066675673749955,-0.6218696949694991,-0.06472915340253449,-1
10,30,250 PPR - 192 PPR,-10.234170124999878,-0.9782011949580749,-0.1080405298666538,-1
10,30,256 PPR - 192 PPR,-4.840421571249863,-1.5234450031140252,-0.19361958879123042,0
10,30,250 PPR - 200 PPR,-2.1674944512499223,-0.35633149998857583,-0.04331137646411931,0
10,30,256 PPR - 200 PPR,3.226254102500093,-0.9015753081445261,-0.12889043538869593,1
10,30,256 PPR - 250 PPR,5.393748553750015,-0.5452438081559503,-0.08557905892457662,1
10,40,96 PPR - 48 PPR,12.969111504999887,1.2905575414834267,0.10686405282170819,1
10,40,100 PPR - 48 PPR,25.59015575499984,-2.9547277514934542,-0.33776486011613405,3
10,40,125 PPR - 48 PPR,26.305714939999916,-3.0724617703037396,-0.3504455609148458,3
10,40,192 PPR - 48 PPR,26.56635310125,-2.9366395548425164,-0.337340903934942,4
10,40,200 PPR - 48 PPR,17.01174325624993,-2.230450264750269,-0.25311462028581677,1
10,40,250 PPR - 48 PPR,13.792828746249825,-1.0377074626269653,-0.12848741428091692,1
10,40,256 PPR - 48 PPR,21.26491404624994,0.5184216585569104,0.014524326404252053,3
10,40,100 PPR - 96 PPR,12.621044249999954,-4.245285292976881,-0.44462891293784224,2
10,40,125 PPR - 96 PPR,13.336603435000029,-4.363019311787166,-0.457309613736554,2
10,40,192 PPR - 96 PPR,13.597241596250115,-4.227197096325943,-0.44420495675665017,3
10,40,200 PPR - 96 PPR,4.042631751250042,-3.521007806233696,-0.35997867310752496,0
10,40,250 PPR - 96 PPR,0.8237172412499376,-2.328265004110392,-0.2353514671026251,0
10,40,256 PPR - 96 PPR,8.295802541250055,-0.7721358829265164,-0.09233972641745614,2
10,40,125 PPR - 100 PPR,0.7155591850000746,-0.11773401881028533,-0.012680700798711753,0
10,40,192 PPR - 100 PPR,0.9761973462501601,0.01808819665093786,0.00042395618119206446,1
10,40,200 PPR - 100 PPR,-8.578412498749913,0.7242774867431852,0.08465023983031728,-2
10,40,250 PPR - 100 PPR,-11.797327008750017,1.917020288866489,0.20927744583521712,-2
10,40,256 PPR - 100 PPR,-4.3252417087499,3.4731494100503646,0.3522891865203861,0
10,40,192 PPR - 125 PPR,0.26063816125008543,0.1358222154612232,0.013104656979903817,1
10,40,200 PPR - 125 PPR,-9.293971683749987,0.8420115055534705,0.09733094062902903,-2
10,40,250 PPR - 125 PPR,-12.512886193750091,2.0347543076767742,0.22195814663392888,-2
10,40,256 PPR - 125 PPR,-5.040800893749974,3.59088342886065,0.36496988731909785,0
10,40,200 PPR - 192 PPR,-9.554609845000073,0.7061892900922473,0.08422628364912521,-3
10,40,250 PPR - 192 PPR,-12.773524355000177,1.898932092215551,0.20885348965402506,-3
10,40,256 PPR - 192 PPR,-5.30143905500006,3.4550612133994267,0.35186523033919404,-1
10,40,250 PPR - 200 PPR,-3.218914510000104,1.1927428021233037,0.12462720600489985,0
10,40,256 PPR - 200 PPR,4.253170790000013,2.7488719233071794,0.2676389466900688,2
10,40,256 PPR - 250 PPR,7.472085300000117,1.5561291211838757,0.14301174068516898,2
10,50,96 PPR - 48 PPR,14.344745781249912,1.3489544476498239,0.09088578905704936,1
10,50,100 PPR - 48 PPR,24.902704098750064,-0.10198192071441525,-0.03639743439034593,3
10,50,125 PPR - 48 PPR,26.17565600124999,0.72293376977413,0.027227824150485302,2
10,50,192 PPR - 48 PPR,24.65547281499994,-0.513038553451338,-0.06856965036155382,3
10,50,200 PPR - 48 PPR,15.78867164999997,2.750449026103084,0.2005320299788531,2
10,50,250 PPR - 48 PPR,10.350666498749888,5.1166508051489075,0.3965735303245881,0
10,50,256 PPR - 48 PPR,20.27965454125001,2.2303947611168056,0.1534948749641294,2
10,50,100 PPR - 96 PPR,10.557958317500152,-1.4509363683642391,-0.1272832234473953,2
10,50,125 PPR - 96 PPR,11.830910220000078,-0.6260206778756938,-0.06365796490656406,1
10,50,192 PPR - 96 PPR,10.310727033750027,-1.8619930011011618,-0.15945543941860318,2
10,50,200 PPR - 96 PPR,1.443925868750057,1.40149457845326,0.10964624092180375,1
10,50,250 PPR - 96 PPR,-3.9940792825000244,3.7676963574990836,0.3056877412675387,-1
10,50,256 PPR - 96 PPR,5.9349087600000985,0.8814403134669817,0.06260908590708003,1
10,50,125 PPR - 100 PPR,1.2729519024999263,0.8249156904885453,0.06362525854083123,-1
10,50,192 PPR - 100 PPR,-0.24723128375012493,-0.4110566327369227,-0.032172215971207896,0
10,50,200 PPR - 100 PPR,-9.114032448750095,2.852430946817499,0.23692946436919904,-1
10,50,250 PPR - 100 PPR,-14.552037600000176,5.218632725863323,0.432970964714934,-3
10,50,256 PPR - 100 PPR,-4.623049557500053,2.332376681831221,0.18989230935447532,-1
10,50,192 PPR - 125 PPR,-1.5201831862500512,-1.235972323225468,-0.09579747451203913,1
10,50,200 PPR - 125 PPR,-10.386984351250021,2.027515256328954,0.1733042058283678,0
10,50,250 PPR - 125 PPR,-15.824989502500102,4.393717035374777,0.3693457061741028,-2
10,50,256 PPR - 125 PPR,-5.8960014599999795,1.5074609913426755,0.1262670508136441,0
10,50,200 PPR - 192 PPR,-8.86680116499997,3.263487579554422,0.26910168034040693,-1
10,50,250 PPR - 192 PPR,-14.304806316250051,5.629689358600245,0.4651431806861419,-3
10,50,256 PPR - 192 PPR,-4.375818273749928,2.7434333145681435,0.22206452532568322,-1
10,50,250 PPR - 200 PPR,-5.438005151250081,2.3662017790458236,0.19604150034573498,-2
10,50,256 PPR - 200 PPR,4.490982891250042,-0.5200542649862783,-0.04703715501472372,0
10,50,256 PPR - 250 PPR,9.928988042500123,-2.886256044032102,-0.2430786553604587,2
10,60,96 PPR - 48 PPR,11.869856721250244,0.40780708452216885,0.016370792615525653,1
10,60,100 PPR - 48 PPR,23.39874395375,-2.760893315151087,-0.20146599343929816,4
10,60,125 PPR - 48 PPR,23.75097671625008,0.07626394725514629,-0.015939285983225693,2
10,60,192 PPR - 48 PPR,23.50379938250012,5.37471580511216,0.33130027187366173,2
10,60,200 PPR - 48 PPR,15.243811161249823,6.53792479529665,0.4170224607992621,2
10,60,250 PPR - 48 PPR,10.683213323749897,5.134030474828087,0.32960567143948083,0
10,60,256 PPR - 48 PPR,19.39015590000008,3.317526317631934,0.2007308645847008,3
10,60,100 PPR - 96 PPR,11.528887232499756,-3.1687003996732557,-0.21783678605482382,3
10,60,125 PPR - 96 PPR,11.881119994999835,-0.33154313726702256,-0.032310078598751346,1
10,60,192 PPR - 96 PPR,11.633942661249876,4.966908720589991,0.3149294792581361,1
10,60,200 PPR - 96 PPR,3.3739544399995793,6.130117710774481,0.40065166818373643,1
10,60,250 PPR - 96 PPR,-1.1866433975003474,4.726223390305918,0.3132348788239552,-1
10,60,256 PPR - 96 PPR,7.520299178749838,2.909719233109765,0.18436007196917514,2
10,60,125 PPR - 100 PPR,0.35223276250007984,2.837157262406233,0.18552670745607247,-2
10,60,192 PPR - 100 PPR,0.10505542875011997,8.135609120263247,0.5327662653129599,-2
10,60,200 PPR - 100 PPR,-8.154932792500176,9.298818110447737,0.6184884542385602,-2
10,60,250 PPR - 100 PPR,-12.715530630000103,7.894923789979174,0.531071664878779,-4
10,60,256 PPR - 100 PPR,-4.008588053749918,6.078419632783021,0.40219685802399896,-1
10,60,192 PPR - 125 PPR,-0.24717733374995987,5.298451857857014,0.3472395578568874,0
10,60,200 PPR - 125 PPR,-8.507165555000256,6.461660848041504,0.4329617467824878,0
10,60,250 PPR - 125 PPR,-13.067763392500183,5.057766527572941,0.3455449574227065,-2
10,60,256 PPR - 125 PPR,-4.360820816249998,3.2412623703767878,0.2166701505679265,1
10,60,200 PPR - 192 PPR,-8.259988221250296,1.16320899018449,0.08572218892560035,0
10,60,250 PPR - 192 PPR,-12.820586058750223,-0.24068533028407302,-0.001694600434180904,-2
10,60,256 PPR - 192 PPR,-4.113643482500038,-2.057189487480226,-0.13056940728896094,1
10,60,250 PPR - 200 PPR,-4.560597837499927,-1.403894320468563,-0.08741678935978126,-2
10,60,256 PPR - 200 PPR,4.146344738750258,-3.220398477664716,-0.2162915962145613,1
10,60,256 PPR - 250 PPR,8.706942576250185,-1.816504157196153,-0.12887480685478003,3
10,70,96 PPR - 48 PPR,7.536628206250043,-2.1950705147114036,-0.130130773621993,0
10,70,100 PPR - 48 PPR,22.207631886250283,-2.4595930295895982,-0.155823465160714,2
10,70,125 PPR - 48 PPR,21.056152058750286,-0.7815177911620097,-0.060953054127967254,0
10,70,192 PPR - 48 PPR,20.33784523500026,4.671008070970334,0.24526853687325323,0
10,70,200 PPR - 48 PPR,13.124219463750023,2.833113093948686,0.14872147717688056,-1
10,70,250 PPR - 48 PPR,10.712801628750185,3.896270384223545,0.21082262064347979,-1
10,70,256 PPR - 48 PPR,17.691073425000013,3.8796707279968174,0.20336697057932995,1
10,70,100 PPR - 96 PPR,14.67100368000024,-0.26452251487819467,-0.025692691538721002,2
10,70,125 PPR - 96 PPR,13.519523852500242,1.4135527235493939,0.06917771949402574,0
10,70,192 PPR - 96 PPR,12.801217028750216,6.866078585681738,0.3753993104952462,0
10,70,200 PPR - 96 PPR,5.58759125749998,5.02818360866009,0.27885225079887355,-1
10,70,250 PPR - 96 PPR,3.176173422500142,6.0913408989349485,0.3409533942654728,-1
10,70,256 PPR - 96 PPR,10.15444521874997,6.074741242708221,0.33349774420132294,1
10,70,125 PPR - 100 PPR,-1.1514798274999976,1.6780752384275885,0.09487041103274674,-2
10,70,192 PPR - 100 PPR,-1.869786651250024,7.130601100559932,0.4010920020339672,-2
10,70,200 PPR - 100 PPR,-9.08341242250026,5.292706123538284,0.30454494233759455,-3
10,70,250 PPR - 100 PPR,-11.494830257500098,6.355863413813143,0.3666460858041938,-3
10,70,256 PPR - 100 PPR,-4.51655846125027,6.339263757586416,0.35919043574004395,-1
10,70,192 PPR - 125 PPR,-0.7183068237500265,5.452525862132344,0.3062215910012205,0
10,70,200 PPR - 125 PPR,-7.931932595000262,3.614630885110696,0.2096745313048478,-1
10,70,250 PPR - 125 PPR,-10.3433504300001,4.677788175385555,0.27177567477144704,-1
10,70,256 PPR - 125 PPR,-3.3650786337502723,4.661188519158827,0.2643200247072972,1
10,70,200 PPR - 192 PPR,-7.213625771250236,-1.837894977021648,-0.09654705969637267,-1
10,70,250 PPR - 192 PPR,-9.625043606250074,-0.7747376867467892,-0.03444591622977344,-1
10,70,256 PPR - 192 PPR,-2.6467718100002458,-0.7913373429735167,-0.041901566293923276,1
10,70,250 PPR - 200 PPR,-2.4114178349998383,1.0631572902748587,0.06210114346659923,0
10,70,256 PPR - 200 PPR,4.56685396124999,1.0465576340481313,0.0546454934024494,2
10,70,256 PPR - 250 PPR,6.978271796249828,-0.016599656226727433,-0.0074556500641498324,2
10,80,96 PPR - 48 PPR,3.5400369025001055,3.545443775729364,0.17224872919150624,-1
10,80,100 PPR - 48 PPR,20.301292076249865,-0.15998797896411077,-0.022454581308217314,2
10,80,125 PPR - 48 PPR,21.629841391250466,-0.6163765105537777,-0.0457017605408383,1
10,80,192 PPR - 48 PPR,18.22013212625029,4.9169206359812385,0.22756028985318566,-2
10,80,200 PPR - 48 PPR,12.482214227499753,-0.3674531368567884,-0.027069114801819172,0
10,80,250 PPR - 48 PPR,9.168042297500278,1.453442211136899,0.06482565194569556,-2
10,80,256 PPR - 48 PPR,15.746336706250077,6.404276129384268,0.30252366706254974,0
10,80,100 PPR - 96 PPR,16.76125517374976,-3.7054317546934747,-0.19470331049972356,3
10,80,125 PPR - 96 PPR,18.08980448875036,-4.161820286283142,-0.21795048973234454,2
10,80,192 PPR - 96 PPR,14.680095223750186,1.3714768602518745,0.055311560661679415,-1
10,80,200 PPR - 96 PPR,8.942177324999648,-3.9128969125861524,-0.19931784399332542,1
10,80,250 PPR - 96 PPR,5.628005395000173,-2.092001564592465,-0.10742307724581068,-1
10,80,256 PPR - 96 PPR,12.206299803749971,2.858832353654904,0.1302749378710435,1
10,80,125 PPR - 100 PPR,1.3285493150006005,-0.45638853158966697,-0.023247179232620985,-1
10,80,192 PPR - 100 PPR,-2.0811599499995737,5.076908614945349,0.250014871161403,-4
10,80,200 PPR - 100 PPR,-7.819077848750112,-0.2074651578926776,-0.004614533493601858,-2
10,80,250 PPR - 100 PPR,-11.133249778749587,1.6134301901010097,0.08728023325391288,-4
10,80,256 PPR - 100 PPR,-4.554955369999789,6.564264108348379,0.32497824837076705,-2
10,80,192 PPR - 125 PPR,-3.409709265000174,5.533297146535016,0.27326205039402396,-3
10,80,200 PPR - 125 PPR,-9.147627163750712,0.24892337369698936,0.018632645739019127,-1
10,80,250 PPR - 125 PPR,-12.461799093750187,2.0698187216906767,0.11052741248653386,-3
10,80,256 PPR - 125 PPR,-5.883504685000389,7.020652639938046,0.34822542760338804,-1
10,80,200 PPR - 192 PPR,-5.737917898750538,-5.284373772838027,-0.25462940465500483,2
10,80,250 PPR - 192 PPR,-9.052089828750013,-3.4634784248443395,-0.1627346379074901,0
10,80,256 PPR - 192 PPR,-2.473795420000215,1.4873554934030295,0.07496337720936408,2
10,80,250 PPR - 200 PPR,-3.3141719299994747,1.8208953479936874,0.09189476674751473,-2
10,80,256 PPR - 200 PPR,3.2641224787503234,6.771729266241056,0.3295927818643689,0
10,80,256 PPR - 250 PPR,6.578294408749798,4.950833918247369,0.23769801511685418,2
10,90,96 PPR - 48 PPR,-0.8078314825002053,4.1348020090904996,0.18155060317942828,-2
10,90,100 PPR - 48 PPR,16.788892552500783,3.99613009218956,0.16459568144284265,2
10,90,125 PPR - 48 PPR,16.947380545000215,2.920551472040202,0.11775035393714006,4
10,90,192 PPR - 48 PPR,14.197808546250144,8.652698845812786,0.36881892366742597,1
10,90,200 PPR - 48 PPR,9.434717850000197,11.03567943868621,0.4760864344283444,-1
10,90,250 PPR - 48 PPR,6.9310827525000605,7.81830935426288,0.3375211482172178,-2
10,90,256 PPR - 48 PPR,11.697905555000489,309.43575239221013,13.473466503674544,1
10,90,100 PPR - 96 PPR,17.59672403500099,-0.1386719169009396,-0.016954921736585638,4
10,90,125 PPR - 96 PPR,17.75521202750042,-1.2142505370502974,-0.06380024924228822,6
10,90,192 PPR - 96 PPR,15.00564002875035,4.5178968367222865,0.18726832048799769,3
10,90,200 PPR - 96 PPR,10.242549332500403,6.90087742959571,0.29453583124891614,1
10,90,250 PPR - 96 PPR,7.738914235000266,3.68350734517238,0.1559705450377895,0
10,90,256 PPR - 96 PPR,12.505737037500694,305.30095038311964,13.291915900495116,3
10,90,125 PPR - 100 PPR,0.15848799249943113,-1.0755786201493578,-0.04684532750570258,2
10,90,192 PPR - 100 PPR,-2.5910840062506395,4.656568753623226,0.20422324222458332,-1
10,90,200 PPR - 100 PPR,-7.354174702500586,7.039549346496649,0.3114907529855018,-3
10,90,250 PPR - 100 PPR,-9.857809800000723,3.8221792620733197,0.17292546677437515,-4
10,90,256 PPR - 100 PPR,-5.090986997500295,305.4396223000206,13.3088708222317,-1
10,90,192 PPR - 125 PPR,-2.7495719987500706,5.732147373772584,0.2510685697302859,-3
10,90,200 PPR - 125 PPR,-7.512662695000017,8.115127966646007,0.35833608049120436,-5
10,90,250 PPR - 125 PPR,-10.016297792500154,4.8977578822226775,0.21977079428007773,-6
10,90,256 PPR - 125 PPR,-5.249474989999726,306.51520092016995,13.355716149737404,-3
10,90,200 PPR - 192 PPR,-4.763090696249947,2.382980592873423,0.10726751076091845,-2
10,90,250 PPR - 192 PPR,-7.2667257937500835,-0.8343894915499064,-0.031297775450208176,-3
10,90,256 PPR - 192 PPR,-2.4999029912496553,300.78305354639735,13.104647580007118,0
10,90,250 PPR - 200 PPR,-2.503635097500137,-3.2173700844233295,-0.13856528621112663,-1
10,90,256 PPR - 200 PPR,2.2631877050002913,298.40007295352393,12.9973800692462,2
10,90,256 PPR - 250 PPR,4.766822802500428,301.6174430379472,13.135945355457325,3
20,0,96 PPR - 48 PPR,0.0,0.0,,0
20,0,100 PPR - 48 PPR,0.0,0.0,,0
20,0,125 PPR - 48 PPR,0.0,0.0,,0
20,0,192 PPR - 48 PPR,0.0,0.0,,0
20,0,200 PPR - 48 PPR,0.0,0.0,,0
20,0,250 PPR - 48 PPR,0.0,0.0,,0
20,0,256 PPR - 48 PPR,0.0,0.0,,0
20,0,100 PPR - 96 PPR,0.0,0.0,,0
20,0,125 PPR - 96 PPR,0.0,0.0,,0
20,0,192 PPR - 96 PPR,0.0,0.0,,0
20,0,200 PPR - 96 PPR,0.0,0.0,,0
20,0,250 PPR - 96 PPR,0.0,0.0,,0
20,0,256 PPR - 96 PPR,0.0,0.0,,0
20,0,125 PPR - 100 PPR,0.0,0.0,,0
20,0,192 PPR - 100 PPR,0.0,0.0,,0
20,0,200 PPR - 100 PPR,0.0,0.0,,0
20,0,250 PPR - 100 PPR,0.0,0.0,,0
20,0,256 PPR - 100 PPR,0.0,0.0,,0
20,0,192 PPR - 125 PPR,0.0,0.0,,0
20,0,200 PPR - 125 PPR,0.0,0.0,,0
20,0,250 PPR - 125 PPR,0.0,0.0,,0
20,0,256 PPR - 125 PPR,0.0,0.0,,0
20,0,200 PPR - 192 PPR,0.0,0.0,,0
20,0,250 PPR - 192 PPR,0.0,0.0,,0
20,0,256 PPR - 192 PPR,0.0,0.0,,0
20,0,250 PPR - 200 PPR,0.0,0.0,,0
20,0,256 PPR - 200 PPR,0.0,0.0,,0
20,0,256 PPR - 250 PPR,0.0,0.0,,0
20,10,96 PPR - 48 PPR,5.2524706737499685,-4.913269117659137,-2.5540893227980845,1
20,10,100 PPR - 48 PPR,11.042378376250042,-8.794503151298846,-4.538637404485211,2
20,10,125 PPR - 48 PPR,10.728430780000025,-8.869090785697429,-4.562186648642485,2
20,10,192 PPR - 48 PPR,10.32582844000001,-8.186123480043204,-4.24083086690895,1
20,10,200 PPR - 48 PPR,4.731449458750006,-2.6364077426955994,-1.4771406377456575,1
20,10,250 PPR - 48 PPR,2.4556856700000083,-2.56233394648309,-1.333956401928603,1
20,10,256 PPR - 48 PPR,6.73214659125,-8.673104793378968,-4.342029525798154,1
20,10,100 PPR - 96 PPR,5.789907702500074,-3.881234033639709,-1.9845480816871266,1
20,10,125 PPR - 96 PPR,5.4759601062500565,-3.9558216680382916,-2.0080973258444006,1
20,10,192 PPR - 96 PPR,5.073357766250041,-3.2728543623840665,-1.6867415441108653,0
20,10,200 PPR - 96 PPR,-0.521021214999962,2.276861374963538,1.076948685052427,0
20,10,250 PPR - 96 PPR,-2.79678500374996,2.3509351711760473,1.2201329208694816,0
20,10,256 PPR - 96 PPR,1.4796759175000318,-3.759835675719831,-1.787940203000069,0
20,10,125 PPR - 100 PPR,-0.3139475962500171,-0.07458763439858274,-0.023549244157273996,0
20,10,192 PPR - 100 PPR,-0.7165499362500327,0.6083796712556424,0.2978065375762613,-1
20,10,200 PPR - 100 PPR,-6.310928917500036,6.158095408603247,3.0614967667395536,-1
20,10,250 PPR - 100 PPR,-8.586692706250034,6.232169204815756,3.204681002556608,-1
20,10,256 PPR - 100 PPR,-4.310231785000042,0.12139835791987785,0.19660787868705754,-1
20,10,192 PPR - 125 PPR,-0.4026023400000156,0.6829673056542251,0.3213557817335353,-1
20,10,200 PPR - 125 PPR,-5.9969813212500185,6.232683043001829,3.0850460108968276,-1
20,10,250 PPR - 125 PPR,-8.272745110000017,6.306756839214339,3.228230246713882,-1
20,10,256 PPR - 125 PPR,-3.9962841887500247,0.1959859923184606,0.22015712284433153,-1
20,10,200 PPR - 192 PPR,-5.594378981250003,5.549715737347604,2.7636902291632923,0
20,10,250 PPR - 192 PPR,-7.870142770000001,5.623789533560114,2.906874464980347,0
20,10,256 PPR - 192 PPR,-3.593681848750009,-0.48698131333576455,-0.10119865888920376,0
20,10,250 PPR - 200 PPR,-2.275763788749998,0.07407379621250954,0.14318423581705453,0
20,10,256 PPR - 200 PPR,2.000697132499994,-6.036697050683369,-2.864888888052496,0
20,10,256 PPR - 250 PPR,4.276460921249992,-6.110770846895878,-3.0080731238695506,0
20,20,96 PPR - 48 PPR,4.318879204999973,-2.416128039047738,-0.5300587098096603,1
20,20,100 PPR - 48 PPR,10.277030702499985,-4.693473660854059,-1.0294680871731932,1
20,20,125 PPR - 48 PPR,10.199562723749978,-5.170130890995324,-1.1268470341758556,1
20,20,192 PPR - 48 PPR,10.427314757499971,-6.284998101711443,-1.3562750810301114,1
20,20,200 PPR - 48 PPR,4.722394152499987,-2.176526058374316,-0.4826104034867038,0
20,20,250 PPR - 48 PPR,3.489025633749975,-2.413785106329028,-0.5249689855595521,0
20,20,256 PPR - 48 PPR,6.118299633749984,-5.067605299857879,-1.0881725555615716,1
20,20,100 PPR - 96 PPR,5.958151497500012,-2.2773456218063206,-0.49940937736353286,0
20,20,125 PPR - 96 PPR,5.880683518750004,-2.754002851947586,-0.5967883243661953,0
20,20,192 PPR - 96 PPR,6.108435552499998,-3.8688700626637047,-0.8262163712204511,0
20,20,200 PPR - 96 PPR,0.40351494750001393,0.23960198067342198,0.04744830632295649,-1
20,20,250 PPR - 96 PPR,-0.8298535712499984,0.002342932718709889,0.00508972425010823,-1
20,20,256 PPR - 96 PPR,1.799420428750011,-2.6514772608101413,-0.5581138457519113,0
20,20,125 PPR - 100 PPR,-0.07746797875000766,-0.4766572301412655,-0.09737894700266247,0
20,20,192 PPR - 100 PPR,0.15028405499998598,-1.591524440857384,-0.32680699385691825,0
20,20,200 PPR - 100 PPR,-5.554636549999998,2.5169476024797426,0.5468576836864893,-1
20,20,250 PPR - 100 PPR,-6.78800506875001,2.2796885545250305,0.5044991016136411,-1
20,20,256 PPR - 100 PPR,-4.158731068750001,-0.37413163900382074,-0.058704468388378395,0
20,20,192 PPR - 125 PPR,0.22775203374999364,-1.1148672107161186,-0.22942804685425577,0
20,20,200 PPR - 125 PPR,-5.47716857124999,2.993604832621008,0.6442366306891518,-1
20,20,250 PPR - 125 PPR,-6.7105370900000025,2.756345784666296,0.6018780486163036,-1
20,20,256 PPR - 125 PPR,-4.081263089999993,0.10252559113744475,0.03867447861428408,0
20,20,200 PPR - 192 PPR,-5.704920604999984,4.108472043337127,0.8736646775434076,-1
20,20,250 PPR - 192 PPR,-6.938289123749996,3.8712129953824146,0.8313060954705593,-1
20,20,256 PPR - 192 PPR,-4.309015123749987,1.2173928018535634,0.26810252546853985,0
20,20,250 PPR - 200 PPR,-1.2333685187500123,-0.2372590479547121,-0.04235858207284826,0
20,20,256 PPR - 200 PPR,1.3959054812499971,-2.8910792414835633,-0.6055621520748677,1
20,20,256 PPR - 250 PPR,2.6292740000000094,-2.6538201935288512,-0.5632035700020195,1
20,30,96 PPR - 48 PPR,5.145760473749988,-2.0048884704453975,-0.28149754421262774,1
20,30,100 PPR - 48 PPR,11.010676191249786,-2.125860039633782,-0.3084124623590174,2
20,30,125 PPR - 48 PPR,11.063707564999845,-2.4593454993260924,-0.3530701586415026,2
20,30,192 PPR - 48 PPR,11.845478751249857,-4.442519660239254,-0.6191542648863271,2
20,30,200 PPR - 48 PPR,5.078117096249912,-3.234436909379415,-0.4469972740097381,1
20,30,250 PPR - 48 PPR,4.681362026249758,-3.593838451763487,-0.49479102079932424,1
20,30,256 PPR - 48 PPR,7.854896734999784,-4.577572703571846,-0.6317422860074309,1
20,30,100 PPR - 96 PPR,5.864915717499798,-0.12097156918838436,-0.026914918146389688,1
20,30,125 PPR - 96 PPR,5.917947091249857,-0.45445702888069484,-0.07157261442887486,1
20,30,192 PPR - 96 PPR,6.699718277499869,-2.4376311897938567,-0.33765672067369934,1
20,30,200 PPR - 96 PPR,-0.06764337750007599,-1.2295484389340174,-0.16549972979711036,0
20,30,250 PPR - 96 PPR,-0.46439844750022985,-1.5889499813180894,-0.2132934765866965,0
20,30,256 PPR - 96 PPR,2.709136261249796,-2.5726842331264486,-0.35024474179480314,0
20,30,125 PPR - 100 PPR,0.053031373750059174,-0.33348545969231047,-0.04465769628248517,0
20,30,192 PPR - 100 PPR,0.834802560000071,-2.3166596206054724,-0.31074180252730965,0
20,30,200 PPR - 100 PPR,-5.932559094999874,-1.108576869745633,-0.13858481165072067,-1
20,30,250 PPR - 100 PPR,-6.329314165000028,-1.467978412129705,-0.18637855844030682,-1
20,30,256 PPR - 100 PPR,-3.155779456250002,-2.451712663938064,-0.32332982364841345,-1
20,30,192 PPR - 125 PPR,0.7817711862500119,-1.983174160913162,-0.2660841062448245,0
20,30,200 PPR - 125 PPR,-5.985590468749933,-0.7750914100533226,-0.0939271153682355,-1
20,30,250 PPR - 125 PPR,-6.382345538750087,-1.1344929524373946,-0.14172086215782165,-1
20,30,256 PPR - 125 PPR,-3.2088108300000613,-2.1182272042457537,-0.2786721273659283,-1
20,30,200 PPR - 192 PPR,-6.767361654999945,1.2080827508598393,0.17215699087658898,-1
20,30,250 PPR - 192 PPR,-7.164116725000099,0.8486812084757673,0.12436324408700283,-1
20,30,256 PPR - 192 PPR,-3.990582016250073,-0.13505304333259183,-0.012588021121103798,-1
20,30,250 PPR - 200 PPR,-0.39675507000015386,-0.35940154238407196,-0.047793746789586145,0
20,30,256 PPR - 200 PPR,2.776779638749872,-1.3431357941924311,-0.18474501199769278,0
20,30,256 PPR - 250 PPR,3.173534708750026,-0.9837342518083592,-0.13695126520810663,0
20,40,96 PPR - 48 PPR,4.90464674875011,-2.9316506790750125,-0.2981053502394778,1
20,40,100 PPR - 48 PPR,11.566886493749962,-1.480163152265158,-0.1596859837268435,1
20,40,125 PPR - 48 PPR,11.416243042500014,-1.7299168392152104,-0.18430605632029384,1
20,40,192 PPR - 48 PPR,12.811731192499906,2.1814654218002776,0.201693522156708,1
20,40,200 PPR - 48 PPR,7.626943976250004,1.0739403788279844,0.098324463293328,1
20,40,250 PPR - 48 PPR,4.206186158750029,0.06002610230703809,0.00125486115619311,0
20,40,256 PPR - 48 PPR,9.687668890000054,0.2078691009444089,0.009789328426851762,1
20,40,100 PPR - 96 PPR,6.662239744999852,1.4514875268098546,0.1384193665126343,0
20,40,125 PPR - 96 PPR,6.5115962937499035,1.201733839859802,0.11379929391918397,0
20,40,192 PPR - 96 PPR,7.907084443749795,5.11311610087529,0.4997988723961858,0
20,40,200 PPR - 96 PPR,2.722297227499894,4.005591057902997,0.3964298135328058,0
20,40,250 PPR - 96 PPR,-0.6984605900000815,2.9916767813820506,0.2993602113956709,-1
20,40,256 PPR - 96 PPR,4.783022141249944,3.1395197800194214,0.3078946786663296,0
20,40,125 PPR - 100 PPR,-0.15064345124994816,-0.2497536869500525,-0.024620072593450337,0
20,40,192 PPR - 100 PPR,1.2448446987499437,3.6616285740654355,0.3613795058835515,0
20,40,200 PPR - 100 PPR,-3.939942517499958,2.5541035310931424,0.2580104470201715,0
20,40,250 PPR - 100 PPR,-7.360700334999933,1.540189254572196,0.16094084488303662,-1
20,40,256 PPR - 100 PPR,-1.8792176037499075,1.6880322532095668,0.16947531215369527,0
20,40,192 PPR - 125 PPR,1.395488149999892,3.911382261015488,0.38599957847700184,0
20,40,200 PPR - 125 PPR,-3.7892990662500097,2.803857218043195,0.28263051961362184,0
20,40,250 PPR - 125 PPR,-7.210056883749985,1.7899429415222485,0.18556091747648695,-1
20,40,256 PPR - 125 PPR,-1.7285741524999594,1.9377859401596194,0.1940953847471456,0
20,40,200 PPR - 192 PPR,-5.184787216249902,-1.1075250429722932,-0.10336905886337999,0
20,40,250 PPR - 192 PPR,-8.605545033749877,-2.1214393194932395,-0.20043866100051488,-1
20,40,256 PPR - 192 PPR,-3.1240623024998513,-1.9735963208558687,-0.19190419372985623,0
20,40,250 PPR - 200 PPR,-3.4207578174999753,-1.0139142765209463,-0.09706960213713489,-1
20,40,256 PPR - 200 PPR,2.0607249137500503,-0.8660712778835755,-0.08853513486647624,0
20,40,256 PPR - 250 PPR,5.481482731250026,0.14784299863737083,0.008534467270658652,1
20,50,96 PPR - 48 PPR,3.5080874362502072,2.2278516159624537,0.17413384054649028,2
20,50,100 PPR - 48 PPR,10.91275357125005,1.0012896355347003,0.07106493175216244,2
20,50,125 PPR - 48 PPR,11.119058180000138,0.3632822477968336,0.020610262626498566,2
20,50,192 PPR - 48 PPR,12.330056455000204,4.198997230429869,0.32179850512166586,2
20,50,200 PPR - 48 PPR,7.695725305000224,4.7578839043697645,0.37050835790091763,1
20,50,250 PPR - 48 PPR,0.9923711137503233,4.693542146097352,0.37224746439779777,0
20,50,256 PPR - 48 PPR,9.61016778000021,4.409045314411532,0.34103305518777294,2
20,50,100 PPR - 96 PPR,7.404666134999843,-1.2265619804277534,-0.10306890879432784,0
20,50,125 PPR - 96 PPR,7.610970743749931,-1.8645693681656201,-0.15352357791999172,0
20,50,192 PPR - 96 PPR,8.821969018749996,1.9711456144674155,0.14766466457517557,0
20,50,200 PPR - 96 PPR,4.187637868750016,2.5300322884073108,0.19637451735442735,-1
20,50,250 PPR - 96 PPR,-2.515716322499884,2.465690530134898,0.19811362385130749,-2
20,50,256 PPR - 96 PPR,6.1020803437500035,2.1811936984490785,0.16689921464128266,0
20,50,125 PPR - 100 PPR,0.20630460875008794,-0.6380073877378667,-0.050454669125663876,0
20,50,192 PPR - 100 PPR,1.4173028837501533,3.197707594895169,0.2507335733695034,0
20,50,200 PPR - 100 PPR,-3.2170282662498266,3.756594268835064,0.2994434261487552,-1
20,50,250 PPR - 100 PPR,-9.920382457499727,3.6922525105626516,0.3011825326456353,-2
20,50,256 PPR - 100 PPR,-1.3025857912498395,3.407755678876832,0.2699681234356105,0
20,50,192 PPR - 125 PPR,1.2109982750000654,3.8357149826330357,0.3011882424951673,0
20,50,200 PPR - 125 PPR,-3.4233328749999146,4.394601656572931,0.34989809527441906,-1
20,50,250 PPR - 125 PPR,-10.126687066249815,4.330259898300518,0.3516372017712992,-2
20,50,256 PPR - 125 PPR,-1.5088903999999275,4.045763066614699,0.32042279256127437,0
20,50,200 PPR - 192 PPR,-4.63433114999998,0.5588866739398952,0.04870985277925177,-1
20,50,250 PPR - 192 PPR,-11.33768534124988,0.4945449156674826,0.05044895927613191,-2
20,50,256 PPR - 192 PPR,-2.719888674999993,0.21004808398166297,0.01923455006610708,0
20,50,250 PPR - 200 PPR,-6.7033541912499,-0.06434175827241262,0.0017391064968801384,-1
20,50,256 PPR - 200 PPR,1.914442474999987,-0.34883858995823225,-0.02947530271314469,1
20,50,256 PPR - 250 PPR,8.617796666249887,-0.28449683168581963,-0.03121440921002483,2
20,60,96 PPR - 48 PPR,4.603711640000029,-2.6353671129154677,-0.17648994349603842,2
20,60,100 PPR - 48 PPR,10.954482353750109,0.8718219107035825,0.04957482265067292,2
20,60,125 PPR - 48 PPR,11.878335446250048,-2.7217929318219998,-0.1862986900804955,3
20,60,192 PPR - 48 PPR,12.879077001250153,2.9314336622620853,0.18291010224062165,2
20,60,200 PPR - 48 PPR,8.396445179999773,1.8944895458961266,0.11850612688078743,2
20,60,250 PPR - 48 PPR,3.518147330000147,2.245156717615684,0.14533100174519364,1
20,60,256 PPR - 48 PPR,11.313006237499849,2.392853061012138,0.14890853701262574,2
20,60,100 PPR - 96 PPR,6.35077071375008,3.50718902361905,0.22606476614671134,0
20,60,125 PPR - 96 PPR,7.27462380625002,-0.08642581890653211,-0.009808746584457073,1
20,60,192 PPR - 96 PPR,8.275365361250124,5.566800775177553,0.35940004573666007,0
20,60,200 PPR - 96 PPR,3.7927335399997446,4.529856658811594,0.29499607037682585,0
20,60,250 PPR - 96 PPR,-1.0855643099998815,4.880523830531152,0.32182094524123206,-1
20,60,256 PPR - 96 PPR,6.70929459749982,5.028220173927606,0.32539848050866416,0
20,60,125 PPR - 100 PPR,0.9238530924999395,-3.5936148425255823,-0.2358735127311684,1
20,60,192 PPR - 100 PPR,1.9245946475000437,2.059611751558503,0.13333527958994873,0
20,60,200 PPR - 100 PPR,-2.5580371737503356,1.0226676351925441,0.06893130423011451,0
20,60,250 PPR - 100 PPR,-7.436335023749962,1.3733348069121014,0.09575617909452072,-1
20,60,256 PPR - 100 PPR,0.35852388374974,1.5210311503085556,0.09933371436195282,0
20,60,192 PPR - 125 PPR,1.0007415550001042,5.653226594084085,0.36920879232111714,-1
20,60,200 PPR - 125 PPR,-3.481890266250275,4.616282477718126,0.3048048169612829,-1
20,60,250 PPR - 125 PPR,-8.360188116249901,4.966949649437684,0.33162969182568913,-2
20,60,256 PPR - 125 PPR,-0.5653292087501995,5.114645992834138,0.33520722709312123,-1
20,60,200 PPR - 192 PPR,-4.482631821250379,-1.0369441163659587,-0.06440397535983422,0
20,60,250 PPR - 192 PPR,-9.360929671250005,-0.6862769446464014,-0.03757910049542801,-1
20,60,256 PPR - 192 PPR,-1.5660707637503037,-0.5385806012499472,-0.03400156522799591,0
20,60,250 PPR - 200 PPR,-4.878297849999626,0.3506671717195573,0.026824874864406212,-1
20,60,256 PPR - 200 PPR,2.9165610575000755,0.4983635151160115,0.03040241013183831,0
20,60,256 PPR - 250 PPR,7.794858907499702,0.1476963433964542,0.003577535267432097,1
20,70,96 PPR - 48 PPR,7.366738856250095,-0.6393270730250578,-0.0403432087782265,1
20,70,100 PPR - 48 PPR,15.863688631250398,-0.06716693845996247,-0.013129707334637919,3
20,70,125 PPR - 48 PPR,17.381733913750168,-0.3432238662108915,-0.029459666762633452,3
20,70,192 PPR - 48 PPR,16.019926390000137,4.761001347499409,0.25712090243221275,3
20,70,200 PPR - 48 PPR,13.114422177500046,2.458381005769546,0.13011861268804226,2
20,70,250 PPR - 48 PPR,8.137185907499997,1.8083082312346512,0.09687435835002978,0
20,70,256 PPR - 48 PPR,17.887183228750246,1.3905953761425387,0.06723016151136152,3
20,70,100 PPR - 96 PPR,8.496949775000303,0.5721601345650953,0.027213501443588584,2
20,70,125 PPR - 96 PPR,10.014995057500073,0.29610320681416624,0.01088354201559305,2
20,70,192 PPR - 96 PPR,8.653187533750042,5.400328420524467,0.29746411121043925,2
20,70,200 PPR - 96 PPR,5.747683321249951,3.0977080787946036,0.17046182146626876,1
20,70,250 PPR - 96 PPR,0.7704470512499029,2.447635304259709,0.13721756712825628,-1
20,70,256 PPR - 96 PPR,10.520444372500151,2.0299224491675965,0.10757337028958802,2
20,70,125 PPR - 100 PPR,1.51804528249977,-0.27605692775092905,-0.016329959427995533,0
20,70,192 PPR - 100 PPR,0.15623775874973944,4.8281682859593715,0.27025060976685067,0
20,70,200 PPR - 100 PPR,-2.7492664537503515,2.5255479442295083,0.14324832002268018,-1
20,70,250 PPR - 100 PPR,-7.7265027237504,1.8754751696946137,0.1100040656846677,-3
20,70,256 PPR - 100 PPR,2.023494597499848,1.4577623146025012,0.08035986884599944,0
20,70,192 PPR - 125 PPR,-1.3618075237500307,5.104225213710301,0.2865805691948462,0
20,70,200 PPR - 125 PPR,-4.267311736250122,2.8016048719804374,0.1595782794506757,-1
20,70,250 PPR - 125 PPR,-9.24454800625017,2.1515320974455427,0.12633402511266323,-3
20,70,256 PPR - 125 PPR,0.5054493150000781,1.7338192423534302,0.09668982827399497,0
20,70,200 PPR - 192 PPR,-2.905504212500091,-2.302620341729863,-0.1270022897441705,-1
20,70,250 PPR - 192 PPR,-7.8827404825001395,-2.952693116264758,-0.16024654408218297,-3
20,70,256 PPR - 192 PPR,1.8672568387501087,-3.3704059713568704,-0.18989074092085123,0
20,70,250 PPR - 200 PPR,-4.9772362700000485,-0.6500727745348946,-0.03324425433801248,-2
20,70,256 PPR - 200 PPR,4.7727610512502,-1.0677856296270072,-0.06288845117668074,1
20,70,256 PPR - 250 PPR,9.749997321250248,-0.41771285509211253,-0.029644196838668257,3
20,80,96 PPR - 48 PPR,7.625660573749883,2.425175984409103,0.11630050918867552,3
20,80,100 PPR - 48 PPR,17.93108853249987,2.2749171511551847,0.10440455466089615,4
20,80,125 PPR - 48 PPR,20.18210219499997,6.0695092970427265,0.2888592603843132,5
20,80,192 PPR - 48 PPR,16.80998902249962,8.196717364534956,0.39475564441684874,5
20,80,200 PPR - 48 PPR,13.918453134999936,9.444977441831496,0.45761508355392944,4
20,80,250 PPR - 48 PPR,10.513709152499814,7.897281293101193,0.38370122779687055,2
20,80,256 PPR - 48 PPR,21.068102708749848,7.450150139781114,0.35583407885431395,4
20,80,100 PPR - 96 PPR,10.305427958749988,-0.1502588332539183,-0.011895954527779362,1
20,80,125 PPR - 96 PPR,12.556441621250087,3.6443333126336235,0.17255875119563768,2
20,80,192 PPR - 96 PPR,9.184328448749739,5.7715413801258535,0.2784551352281732,2
20,80,200 PPR - 96 PPR,6.292792561250053,7.019801457422393,0.3413145743652539,1
20,80,250 PPR - 96 PPR,2.888048578749931,5.47210530869209,0.26740071860819503,-1
20,80,256 PPR - 96 PPR,13.442442134999965,5.024974155372011,0.23953356966563843,1
20,80,125 PPR - 100 PPR,2.2510136625000996,3.794592145887542,0.18445470572341705,1
20,80,192 PPR - 100 PPR,-1.1210995100002492,5.921800213379772,0.2903510897559526,1
20,80,200 PPR - 100 PPR,-4.012635397499935,7.170060290676311,0.3532105288930333,0
20,80,250 PPR - 100 PPR,-7.417379380000057,5.622364141946008,0.2792966731359744,-2
20,80,256 PPR - 100 PPR,3.137014176249977,5.175232988625929,0.2514295241934178,0
20,80,192 PPR - 125 PPR,-3.372113172500349,2.12720806749223,0.10589638403253554,0
20,80,200 PPR - 125 PPR,-6.263649060000034,3.375468144788769,0.16875582316961624,-1
20,80,250 PPR - 125 PPR,-9.668393042500156,1.8277719960584662,0.09484196741255735,-3
20,80,256 PPR - 125 PPR,0.8860005137498774,1.3806408427383872,0.06697481847000075,-1
20,80,200 PPR - 192 PPR,-2.8915358874996855,1.248260077296539,0.0628594391370807,-1
20,80,250 PPR - 192 PPR,-6.2962798699998075,-0.29943607143376383,-0.011054416619978191,-3
20,80,256 PPR - 192 PPR,4.258113686250226,-0.7465672247538429,-0.03892156556253479,-1
20,80,250 PPR - 200 PPR,-3.404743982500122,-1.547696148730303,-0.07391385575705889,-2
20,80,256 PPR - 200 PPR,7.149649573749912,-1.994827302050382,-0.10178100469961548,0
20,80,256 PPR - 250 PPR,10.554393556250034,-0.447131153320079,-0.027867148942556597,2
20,90,96 PPR - 48 PPR,5.84780646750005,5.430432585859538,0.23533891903169513,3
20,90,100 PPR - 48 PPR,18.580513603750205,4.430142131997343,0.18612747446847355,4
20,90,125 PPR - 48 PPR,20.094552192500487,1.9296658213303708,0.07685154226779678,4
20,90,192 PPR - 48 PPR,16.135478356250132,8.135146334734042,0.34840919186858554,4
20,90,200 PPR - 48 PPR,13.574882000000343,9.377184076258573,0.4038005089036186,2
20,90,250 PPR - 48 PPR,12.219524928750161,36.54684305196359,1.5888895045226938,0
20,90,256 PPR - 48 PPR,22.70393602125023,220.57083092727626,9.563489736474832,3
20,90,100 PPR - 96 PPR,12.732707136250156,-1.0002904538621955,-0.049211444563221574,1
20,90,125 PPR - 96 PPR,14.246745725000437,-3.5007667645291676,-0.15848737676389835,1
20,90,192 PPR - 96 PPR,10.287671888750083,2.7047137488745037,0.11307027283689042,1
20,90,200 PPR - 96 PPR,7.727075532500294,3.946751490399034,0.1684615898719235,-1
20,90,250 PPR - 96 PPR,6.371718461250111,31.116410466104057,1.3535505854909986,-3
20,90,256 PPR - 96 PPR,16.85612955375018,215.14039834141673,9.328150817443138,0
20,90,125 PPR - 100 PPR,1.5140385887502816,-2.500476310666972,-0.10927593220067677,0
20,90,192 PPR - 100 PPR,-2.4450352475000727,3.705004202736699,0.162281717400112,0
20,90,200 PPR - 100 PPR,-5.005631603749862,4.94704194426123,0.21767303443514507,-2
20,90,250 PPR - 100 PPR,-6.360988675000044,32.11670091996625,1.40276203005422,-4
20,90,256 PPR - 100 PPR,4.123422417500024,216.14068879527892,9.37736226200636,-1
20,90,192 PPR - 125 PPR,-3.9590738362503544,6.205480513403671,0.27155764960078876,0
20,90,200 PPR - 125 PPR,-6.5196701925001435,7.447518254928202,0.32694896663582185,-2
20,90,250 PPR - 125 PPR,-7.875027263750326,34.617177230633224,1.512037962254897,-4
20,90,256 PPR - 125 PPR,2.609383828749742,218.6411651059459,9.486638194207035,-1
20,90,200 PPR - 192 PPR,-2.560596356249789,1.2420377415245305,0.05539131703503308,-2
20,90,250 PPR - 192 PPR,-3.9159534274999714,28.411696717229553,1.2404803126541082,-4
20,90,256 PPR - 192 PPR,6.568457665000096,212.43568459254223,9.215080544606247,-1
20,90,250 PPR - 200 PPR,-1.3553570712501823,27.169658975705023,1.185088995619075,-2
20,90,256 PPR - 200 PPR,9.129054021249885,211.1936468510177,9.159689227571214,1
20,90,256 PPR - 250 PPR,10.484411092500068,184.02398787531268,7.974600231952138,3
