ppr,sampling_window_ms,pwm_percent,time_start_s,time_end_s,samples,raw_mean_rpm,raw_median_rpm,raw_std_rpm,raw_p05_rpm,raw_p95_rpm,raw_min_rpm,raw_max_rpm,filtered_mean_rpm,filtered_std_rpm,revolutions_start,revolutions_end,revolution_increment,file
48,10,0,0.0,9.99,1000,0.0,0.0,0.0,0.0,0.0,0.0,0.0,0.0,0.0,0,0,0,mixr1_log_20260902_135230_48ppr_10ms.csv
48,10,10,10.0,19.99,1000,206.055490889,210.548806,31.79143525192742,165.09917620000002,249.97625445,0.0,259.689773,204.991668753,26.107860879276185,0,34,34,mixr1_log_20260902_135230_48ppr_10ms.csv
48,10,20,20.0,29.99,1000,470.433154979,470.75866,33.13361821717194,437.498469,500.006125,175.163007,531.136974,468.813190937,33.25446622785032,34,113,79,mixr1_log_20260902_135230_48ppr_10ms.csv
48,10,30,30.0,39.99,1000,728.832072238,733.950229,32.629636686493356,696.4443209,751.207641,437.485519,790.626971,727.3804596790001,32.318251814997225,113,234,121,mixr1_log_20260902_135230_48ppr_10ms.csv
48,10,40,40.0,49.99,1000,977.731669024,983.125158,37.44461972413086,947.3272631000001,1005.035802,701.024851,1051.995926,976.265626709,36.163147914582574,234,397,163,mixr1_log_20260902_135230_48ppr_10ms.csv
48,10,50,50.0,59.99,1000,1236.324037153,1243.744352,41.374488556981674,1208.258217,1260.379914,964.542401,1318.775981,1234.8356071810001,40.53842828137662,397,603,206,mixr1_log_20260902_135230_48ppr_10ms.csv
48,10,60,60.0,69.99,1000,1497.282740389,1500.635724,42.949748074217325,1474.43590795,1531.222132,1182.1929,1593.673663,1495.839017157,40.822853674609355,604,853,249,mixr1_log_20260902_135230_48ppr_10ms.csv
48,10,70,70.0,79.99,1000,1757.259589145,1763.915229,46.50981943230293,1691.16114,1796.3554379999998,1486.153978,1863.191408,1755.784657256,42.44263607978449,853,1146,293,mixr1_log_20260902_135230_48ppr_10ms.csv
48,10,80,80.0,89.99,1000,2016.080708473,2023.346013,52.76205395029488,1931.841113,2062.4782922000004,1749.990725,2175.538656,2014.5462518699999,47.47321778677734,1146,1483,337,mixr1_log_20260902_135230_48ppr_10ms.csv
48,10,90,90.0,99.99,1000,2274.448841792,2281.225249,56.83735229836389,2162.93495505,2333.180035,1874.885819,2426.021232,2273.061225111,49.819307916036614,1483,1863,380,mixr1_log_20260902_135230_48ppr_10ms.csv
48,10,100,100.0,109.99,1000,2448.589148819,2453.1881695,51.069011435900094,2313.9476848,2506.765898,2217.838912,2621.031304,2447.6363504839996,34.318930221069714,1863,2273,410,mixr1_log_20260902_135230_48ppr_10ms.csv
48,10,110,110.0,116.81,682,293.76532320234605,0.0,716.8093862636681,0.0,2438.324045,0.0,2520.059858,312.0811031759531,740.5504117115463,2274,2306,32,mixr1_log_20260902_135230_48ppr_10ms.csv
48,20,0,0.0,9.99,1000,0.0,0.0,0.0,0.0,0.0,0.0,0.0,0.0,0.0,2306,2306,0,mixr1_log_20260902_135434_48ppr_20ms.csv
48,20,10,10.0,19.99,1000,209.162039423,214.115882,30.211489639789054,171.8742451,243.884379,0.0,260.353413,208.06472889100002,25.11744948205275,2306,2341,35,mixr1_log_20260902_135434_48ppr_20ms.csv
48,20,20,20.0,29.99,1000,474.47647263799996,477.735517,28.905060407477873,450.140778,499.9946,232.288499,524.378309,472.89461241199996,30.846995220554263,2342,2421,79,mixr1_log_20260902_135434_48ppr_20ms.csv
48,20,30,30.0,39.99,1000,734.020712793,737.130385,28.63229718309374,715.3040320499999,753.7608505499999,453.052004,781.245898,732.536222469,30.533494151158923,2421,2543,122,mixr1_log_20260902_135434_48ppr_20ms.csv
48,20,40,40.0,49.99,1000,992.1300180180001,998.554072,35.60572765020567,977.71105,1012.648032,738.032337,1042.119569,990.637108146,37.424201473943484,2543,2708,165,mixr1_log_20260902_135434_48ppr_20ms.csv
48,20,50,50.0,59.99,1000,1251.254552693,1256.4987485,40.35072127566948,1223.338962,1277.264308,980.677427,1296.727757,1249.7418080230002,41.56513989413275,2709,2917,208,mixr1_log_20260902_135434_48ppr_20ms.csv
48,20,60,60.0,69.99,1000,1508.314124652,1514.225638,45.9544749338403,1472.984,1547.112681,1208.712382,1576.185976,1506.9549582989998,45.3852654001302,2918,3168,250,mixr1_log_20260902_135434_48ppr_20ms.csv
48,20,70,70.0,79.99,1000,1761.516838666,1768.7932660000001,48.71885358487159,1713.85285,1801.156999,1462.022319,1826.011395,1759.989253968,48.02471038030139,3169,3462,293,mixr1_log_20260902_135434_48ppr_20ms.csv
48,20,80,80.0,89.99,1000,2017.0613744199998,2023.9577115000002,48.3285231685373,1969.6728581,2054.410222,1707.485453,2093.731366,2015.697224538,47.906126258566985,3463,3798,335,mixr1_log_20260902_135434_48ppr_20ms.csv
48,20,90,90.0,99.99,1000,2271.060057788,2281.081884,53.58670571628066,2206.459834,2312.7994353,2006.903814,2371.972178,2269.522449669,52.85321285654527,3800,4178,378,mixr1_log_20260902_135434_48ppr_20ms.csv
48,20,100,100.0,109.99,1000,2447.3284313850004,2453.098629,41.333590895788895,2375.681134,2495.315988,2264.363935,2573.203491,2446.4809532169998,36.06454162872776,4180,4588,408,mixr1_log_20260902_135434_48ppr_20ms.csv
48,20,110,110.0,117.76,777,270.1368463616473,0.0,695.0854028121739,0.0,2442.30534,0.0,2546.840618,286.4378606460746,716.6998632219178,4590,4622,32,mixr1_log_20260902_135434_48ppr_20ms.csv
96,10,0,0.0,9.99,1000,0.0,0.0,0.0,0.0,0.0,0.0,0.0,0.0,0.0,4622,4622,0,mixr1_log_20260902_135811_96ppr_10ms.csv
96,10,10,10.0,19.99,1000,198.376098023,206.927686,33.52960805095322,156.587164,242.18270130000002,0.0,249.99965,197.263194735,26.49382620655706,4622,4655,33,mixr1_log_20260902_135811_96ppr_10ms.csv
96,10,20,20.0,29.99,1000,465.89310854599995,468.751078,37.20417272802951,437.48963345,499.968752,192.307206,520.881808,464.327560961,36.59477116694146,4656,4733,77,mixr1_log_20260902_135811_96ppr_10ms.csv
96,10,30,30.0,39.99,1000,729.331905078,731.792818,32.74098556742529,703.1625856999999,756.823979,453.950244,795.51504,727.873026617,32.782602897698474,4733,4855,122,mixr1_log_20260902_135811_96ppr_10ms.csv
96,10,40,40.0,49.99,1000,989.3185819039999,994.505768,41.348235100654016,961.007317,1026.250809,719.072643,1096.374589,987.8104232449999,40.69271746621374,4855,5020,165,mixr1_log_20260902_135811_96ppr_10ms.csv
96,10,50,50.0,59.99,1000,1249.0783655920002,1255.602493,45.77978412112697,1190.14507735,1282.6741844,984.256988,1340.251361,1247.592117577,44.78310228989439,5020,5228,208,mixr1_log_20260902_135811_96ppr_10ms.csv
96,10,60,60.0,69.99,1000,1507.5246483240003,1514.03071,47.104883634284306,1452.2772977000002,1544.7083942999998,1193.458443,1593.67701,1506.063243914,45.033308767682556,5229,5479,250,mixr1_log_20260902_135811_96ppr_10ms.csv
96,10,70,70.0,79.99,1000,1763.234360043,1767.711598,49.30872518723086,1698.050546,1806.882046,1440.366609,1864.597094,1761.743245183,45.75039663332065,5481,5774,293,mixr1_log_20260902_135811_96ppr_10ms.csv
96,10,80,80.0,89.99,1000,2020.0115999,2025.701306,54.62373507498779,1930.3631386,2070.399178,1656.069146,2164.503038,2018.58808474,46.68676174656399,5775,6112,337,mixr1_log_20260902_135811_96ppr_10ms.csv
96,10,90,90.0,99.99,1000,2273.038067051,2280.659855,58.22842393862917,2155.99154375,2329.673286,2015.357956,2391.729183,2271.621084932,50.65205740928301,6113,6492,379,mixr1_log_20260902_135811_96ppr_10ms.csv
96,10,100,100.0,109.99,1000,2448.294092196,2453.1431535,46.21526231410519,2342.65764865,2502.028257,2099.050696,2618.954833,2447.284473243,34.14579715410639,6494,6900,406,mixr1_log_20260902_135811_96ppr_10ms.csv
96,10,110,110.0,119.99,1000,213.51802966300002,0.0,628.0938271672417,0.0,2284.3873999999983,0.0,2533.476028,226.18460653399998,648.3043591933141,6902,6935,33,mixr1_log_20260902_135811_96ppr_10ms.csv
96,10,120,120.0,120.88,89,0.0,0.0,0.0,0.0,0.0,0.0,0.0,0.0,0.0,6935,6935,0,mixr1_log_20260902_135811_96ppr_10ms.csv
96,20,0,0.0,9.99,1000,0.0,0.0,0.0,0.0,0.0,0.0,0.0,0.0,0.0,6935,6935,0,mixr1_log_20260902_140019_96ppr_20ms.csv
96,20,10,10.0,19.99,1000,215.09131052,217.306729,24.210828355439194,187.4559939,242.1873043,0.0,249.878764,213.774508592,22.254655914364566,6935,6971,36,mixr1_log_20260902_140019_96ppr_20ms.csv
96,20,20,20.0,29.99,1000,478.004902943,480.483788,33.27199896605129,459.680231,499.9877975,185.548112,513.113442,476.621383395,33.58467780356487,6971,7051,80,mixr1_log_20260902_140019_96ppr_20ms.csv
96,20,30,30.0,39.99,1000,739.1203638479999,743.170288,29.123811586629078,723.452704,757.8033211,474.261334,782.143823,737.650969147,31.29532936980853,7051,7174,123,mixr1_log_20260902_140019_96ppr_20ms.csv
96,20,40,40.0,49.99,1000,997.765510315,1000.520751,31.873368235080214,988.368578,1017.1210331,733.192178,1039.052473,996.2084241509999,34.762057344259134,7174,7340,166,mixr1_log_20260902_140019_96ppr_20ms.csv
96,20,50,50.0,59.99,1000,1254.8322822639998,1257.8083805,40.21253807385671,1222.288023,1283.277072,980.37367,1320.306955,1253.422214592,40.40974854931775,7340,7550,210,mixr1_log_20260902_140019_96ppr_20ms.csv
96,20,60,60.0,69.99,1000,1514.27852588,1519.952804,40.79947671980486,1484.3485521999999,1541.321449,1256.173291,1561.495646,1512.8792546729999,41.4138763623157,7551,7804,253,mixr1_log_20260902_140019_96ppr_20ms.csv
96,20,70,70.0,79.99,1000,1770.984851347,1773.670262,41.89509268314466,1727.2126371499999,1805.454527,1515.564908,1844.130256,1769.5214140829999,41.521240239627105,7804,8099,295,mixr1_log_20260902_140019_96ppr_20ms.csv
96,20,80,80.0,89.99,1000,2025.279705106,2031.854891,48.256638171154265,1980.8675007,2066.312367,1749.943389,2092.68082,2023.761267128,47.621818390197376,8099,8437,338,mixr1_log_20260902_140019_96ppr_20ms.csv
96,20,90,90.0,99.99,1000,2279.2727451569995,2282.915576,50.483226271424705,2217.868583,2325.795357,2025.30014,2378.159735,2277.8154491309997,47.70921932017037,8437,8819,382,mixr1_log_20260902_140019_96ppr_20ms.csv
96,20,100,100.0,109.99,1000,2453.587524228,2458.942386,39.008699805871096,2379.833302,2492.704421,2274.668863,2531.221018,2452.6169151299996,35.51836989161756,8819,9232,413,mixr1_log_20260902_140019_96ppr_20ms.csv
96,20,110,110.0,119.99,1000,196.22473125399998,0.0,596.5004655259928,0.0,2144.211869,0.0,2554.684307,209.53456618900003,618.089144388589,9232,9264,32,mixr1_log_20260902_140019_96ppr_20ms.csv
96,20,120,120.0,121.82,183,0.0,0.0,0.0,0.0,0.0,0.0,0.0,0.0,0.0,9264,9264,0,mixr1_log_20260902_140019_96ppr_20ms.csv
100,10,0,0.0,9.99,1000,0.0,0.0,0.0,0.0,0.0,0.0,0.0,0.0,0.0,0,0,0,mixr1_log_20260902_142240_100ppr_10ms.csv
100,10,10,10.0,19.99,1000,218.705524858,223.818748,22.33775316905574,194.916342,242.609562,0.0,254.998802,217.473090905,21.616651218682215,0,37,37,mixr1_log_20260902_142240_100ppr_10ms.csv
100,10,20,20.0,29.99,1000,481.78464914799997,485.539044,32.1216835455621,461.92199,505.9062447499999,225.046603,524.933491,480.234490143,33.6858052982738,37,117,80,mixr1_log_20260902_142240_100ppr_10ms.csv
100,10,30,30.0,39.99,1000,743.149566196,746.737285,27.38154958275024,723.297402,764.946454,464.9185,792.905834,741.701403074,28.674956694032296,117,241,124,mixr1_log_20260902_142240_100ppr_10ms.csv
100,10,40,40.0,49.99,1000,1003.141066368,1006.6202404999999,35.31529354051459,973.508631,1026.6663780499998,727.508985,1081.683766,1001.644379653,35.44820789729105,241,408,167,mixr1_log_20260902_142240_100ppr_10ms.csv
100,10,50,50.0,59.99,1000,1262.8621679949997,1267.094466,36.19293229474063,1237.538636,1290.007224,938.005249,1339.843983,1261.3848051,35.44250322371601,408,619,211,mixr1_log_20260902_142240_100ppr_10ms.csv
100,10,60,60.0,69.99,1000,1521.6696313310001,1526.288451,38.971611207398766,1499.4525148,1548.240138,1199.704328,1619.890196,1520.186138515,37.68688291092743,619,873,254,mixr1_log_20260902_142240_100ppr_10ms.csv
100,10,70,70.0,79.99,1000,1780.438709057,1784.587712,42.83851749152899,1742.1065283,1820.9665506,1454.737565,1874.977688,1779.014789101,39.0894079507354,873,1169,296,mixr1_log_20260902_142240_100ppr_10ms.csv
100,10,80,80.0,89.99,1000,2038.4481044899999,2039.796591,49.79206080789059,1979.2903073,2095.4190678,1707.594571,2159.391268,2036.98740578,43.631057066198,1169,1509,340,mixr1_log_20260902_142240_100ppr_10ms.csv
100,10,90,90.0,99.99,1000,2293.3918255390004,2294.890132,52.42579430174606,2220.717405,2353.7301497,1940.021832,2446.800959,2291.919638962,45.07303743713408,1509,1891,382,mixr1_log_20260902_142240_100ppr_10ms.csv
100,10,100,100.0,109.99,1000,2468.2024436809997,2473.057699,46.845110259921384,2375.2111697,2533.0136016,2173.306342,2609.653438,2467.2316024120005,34.814243896106206,1891,2302,411,mixr1_log_20260902_142240_100ppr_10ms.csv
100,10,110,110.0,119.99,1000,192.253447763,0.0,582.3381274832005,0.0,1946.044866,0.0,2506.249893,205.63064111299997,605.0658346411647,2302,2333,31,mixr1_log_20260902_142240_100ppr_10ms.csv
100,10,120,120.0,123.32,333,0.0,0.0,0.0,0.0,0.0,0.0,0.0,0.0,0.0,2333,2333,0,mixr1_log_20260902_142240_100ppr_10ms.csv
100,20,0,0.0,9.99,1000,0.0,0.0,0.0,0.0,0.0,0.0,0.0,0.0,0.0,2333,2333,0,mixr1_log_20260902_142445_100ppr_20ms.csv
100,20,10,10.0,19.99,1000,220.948930712,225.10109749999998,21.103387613927552,195.3428335,242.06640704999998,0.0,252.114342,219.74796217800002,21.035195825368824,2333,2370,37,mixr1_log_20260902_142445_100ppr_20ms.csv
100,20,20,20.0,29.99,1000,484.438442102,487.14879199999996,29.51834492969445,467.858845,502.492538,198.692908,519.724536,482.85079102599997,32.24301457405634,2370,2451,81,mixr1_log_20260902_142445_100ppr_20ms.csv
100,20,30,30.0,39.99,1000,744.608630359,749.064097,30.379589162046482,730.672862,762.4699713,470.024363,794.994753,743.157739377,32.607034585225136,2451,2575,124,mixr1_log_20260902_142445_100ppr_20ms.csv
100,20,40,40.0,49.99,1000,1005.113101396,1007.167309,29.744595470153868,991.8803704500001,1023.60329175,734.979825,1048.329535,1003.644760499,32.14672091439867,2575,2743,168,mixr1_log_20260902_142445_100ppr_20ms.csv
100,20,50,50.0,59.99,1000,1262.333927576,1265.710315,39.86726916665981,1238.1056783499998,1289.9317300500002,999.140626,1310.700226,1260.831734774,40.696581002194634,2743,2953,210,mixr1_log_20260902_142445_100ppr_20ms.csv
100,20,60,60.0,69.99,1000,1518.876564746,1522.51108,46.658528539803235,1481.331661,1553.688341,1260.469076,1582.426633,1517.4204398739998,46.24752793919799,2954,3207,253,mixr1_log_20260902_142445_100ppr_20ms.csv
100,20,70,70.0,79.99,1000,1777.801141741,1782.217686,47.11476370187241,1737.92086505,1814.032228,1515.466174,1846.63866,1776.285138623,46.43450901742309,3207,3503,296,mixr1_log_20260902_142445_100ppr_20ms.csv
100,20,80,80.0,89.99,1000,2035.608055743,2040.635971,49.61074456388954,1985.5035945,2076.37158,1728.66896,2141.414416,2034.1644520129998,47.87381991723001,3503,3842,339,mixr1_log_20260902_142445_100ppr_20ms.csv
100,20,90,90.0,99.99,1000,2289.799582107,2297.174592,54.70938092842162,2221.091798,2338.01518,2027.111523,2381.294101,2288.3621300460004,52.46122098642117,3843,4225,382,mixr1_log_20260902_142445_100ppr_20ms.csv
100,20,100,100.0,109.99,1000,2464.2771720160003,2465.344591,41.82658665241542,2397.162774,2512.812262,2247.246966,2578.970217,2463.3267194130003,36.23946284016431,4225,4637,412,mixr1_log_20260902_142445_100ppr_20ms.csv
100,20,110,110.0,119.99,1000,218.25285225700003,0.0,624.456297937755,0.0,2288.804745,0.0,2551.947727,231.28982749499997,645.2655757913059,4637,4673,36,mixr1_log_20260902_142445_100ppr_20ms.csv
100,20,120,120.0,120.07,8,0.0,0.0,0.0,0.0,0.0,0.0,0.0,0.0,0.0,4673,4673,0,mixr1_log_20260902_142445_100ppr_20ms.csv
125,10,0,0.0,9.99,1000,0.0,0.0,0.0,0.0,0.0,0.0,0.0,0.0,0.0,4673,4673,0,mixr1_log_20260902_142905_125ppr_10ms.csv
125,10,10,10.0,19.99,1000,220.242374026,223.639983,28.18181517016399,198.03837975000002,244.80149459999998,0.0,258.049494,218.968046249,28.511673799896865,4673,4710,37,mixr1_log_20260902_142905_125ppr_10ms.csv
125,10,20,20.0,29.99,1000,484.887119387,487.761302,28.239920725173693,467.969629,504.018145,215.368647,530.717524,483.40337272700003,30.058901884816358,4710,4791,81,mixr1_log_20260902_142905_125ppr_10ms.csv
125,10,30,30.0,39.99,1000,744.0059997419999,746.389266,29.613727857462838,731.1428437000001,763.560679,431.998272,804.91195,742.540002338,31.796907624064026,4791,4915,124,mixr1_log_20260902_142905_125ppr_10ms.csv
125,10,40,40.0,49.99,1000,1002.824786563,1005.723515,38.09285738237726,973.025142,1034.724431,730.21667,1064.820765,1001.3430314519999,38.86898665655049,4915,5082,167,mixr1_log_20260902_142905_125ppr_10ms.csv
125,10,50,50.0,59.99,1000,1263.2784680710001,1265.174773,38.290900152582424,1232.30424225,1300.423957,1001.956715,1345.443277,1261.763316149,37.197421069715894,5082,5292,210,mixr1_log_20260902_142905_125ppr_10ms.csv
125,10,60,60.0,69.99,1000,1521.082988033,1523.933785,42.23461531519072,1485.19089,1563.6975722,1227.7804,1602.638853,1519.654120379,40.55102677436111,5293,5546,253,mixr1_log_20260902_142905_125ppr_10ms.csv
125,10,70,70.0,79.99,1000,1776.529341935,1782.027071,51.68121716567571,1698.81191,1831.3201985,1515.74764,1930.575509,1775.021260898,47.13651137967073,5547,5842,295,mixr1_log_20260902_142905_125ppr_10ms.csv
125,10,80,80.0,89.99,1000,2037.228862971,2040.918905,54.495731150214446,1947.0183104,2098.750194,1769.348529,2162.057809,2035.7923996069999,48.92125775381792,5844,6182,338,mixr1_log_20260902_142905_125ppr_10ms.csv
125,10,90,90.0,99.99,1000,2292.345537012,2297.785331,53.532649322421754,2199.033439,2350.7292331999997,2019.889418,2420.164694,2290.899498577,47.09771425367815,6184,6569,385,mixr1_log_20260902_142905_125ppr_10ms.csv
125,10,100,100.0,109.99,1000,2466.9125076600008,2471.6807820000004,48.461500627118674,2349.38095905,2529.78507845,2234.173934,2614.171126,2465.950680259,34.90034146198869,6570,6981,411,mixr1_log_20260902_142905_125ppr_10ms.csv
125,10,110,110.0,119.19,920,231.86407845326087,0.0,640.8167452865182,0.0,2273.326546249995,0.0,2551.731651,245.98478187282612,662.4883690159816,6983,7016,33,mixr1_log_20260902_142905_125ppr_10ms.csv
125,20,0,0.0,9.99,1000,0.0,0.0,0.0,0.0,0.0,0.0,0.0,0.0,0.0,7016,7016,0,mixr1_log_20260902_143106_125ppr_20ms.csv
125,20,10,10.0,19.99,1000,218.613081905,223.64972,28.355992454946847,195.867343,243.448622,0.0,253.046428,217.363837636,28.333532727311635,7016,7053,37,mixr1_log_20260902_143106_125ppr_20ms.csv
125,20,20,20.0,29.99,1000,484.20042282,487.751826,29.645783509514068,469.167265,503.2576542,238.924884,521.978286,482.709086512,32.148996785690514,7053,7133,80,mixr1_log_20260902_143106_125ppr_20ms.csv
125,20,30,30.0,39.99,1000,744.4853477350001,748.177782,31.06628195522477,730.026018,764.0777944,479.490567,785.655176,742.998935834,33.261204157781926,7133,7258,125,mixr1_log_20260902_143106_125ppr_20ms.csv
125,20,40,40.0,49.99,1000,1002.527854594,1007.514198,38.620695256491416,983.961886,1024.1910716,737.990406,1055.258725,1001.041323459,40.41426063771272,7258,7425,167,mixr1_log_20260902_143106_125ppr_20ms.csv
125,20,50,50.0,59.99,1000,1263.4264457390002,1266.317068,35.04301493623706,1233.413732,1288.6203732,1005.971439,1319.971687,1261.989563809,36.777204378630174,7425,7636,211,mixr1_log_20260902_143106_125ppr_20ms.csv
125,20,60,60.0,69.99,1000,1521.06019609,1525.846919,42.066681654548155,1480.169877,1549.376355,1229.888142,1566.418032,1519.5767879109999,43.123014364332086,7636,7889,253,mixr1_log_20260902_143106_125ppr_20ms.csv
125,20,70,70.0,79.99,1000,1780.402571431,1784.295326,43.50304229035748,1737.41805,1816.328821,1523.991237,1865.973503,1778.912125544,43.0472226352873,7889,8186,297,mixr1_log_20260902_143106_125ppr_20ms.csv
125,20,80,80.0,89.99,1000,2036.959218762,2039.298113,50.72138687329454,1988.6266142,2082.227752,1781.225931,2111.847423,2035.521994516,48.83111491475768,8186,8526,340,mixr1_log_20260902_143106_125ppr_20ms.csv
125,20,90,90.0,99.99,1000,2290.2728050429996,2297.845929,55.258974541729025,2224.242085,2334.456759,2030.540652,2395.706893,2288.818614782,54.142113082891285,8526,8911,385,mixr1_log_20260902_143106_125ppr_20ms.csv
125,20,100,100.0,109.99,1000,2465.8519046440006,2468.993849,43.65733035676453,2384.451836,2514.55646295,2292.92021,2567.956088,2464.770445959,37.641196297384134,8911,9327,416,mixr1_log_20260902_143106_125ppr_20ms.csv
125,20,110,110.0,116.52,653,339.42105884532924,0.0,756.4791787101336,0.0,2460.722434,0.0,2517.549844,359.3982405022971,779.8704428434227,9327,9363,36,mixr1_log_20260902_143106_125ppr_20ms.csv
192,10,0,0.0,9.99,1000,0.0,0.0,0.0,0.0,0.0,0.0,0.0,0.0,0.0,9363,9363,0,mixr1_log_20260902_143435_192ppr_10ms.csv
192,10,10,10.0,19.99,1000,217.32856758600002,221.506299,29.259292058421345,194.392386,242.18768244999998,0.0,256.889302,216.147353909,28.816493545858624,9363,9399,36,mixr1_log_20260902_143435_192ppr_10ms.csv
192,10,20,20.0,29.99,1000,483.554368264,486.993869,28.027673859425146,464.4225189,504.21326799999997,227.905781,527.344805,481.941461,30.258035303670667,9400,9480,80,mixr1_log_20260902_143435_192ppr_10ms.csv
192,10,30,30.0,39.99,1000,744.017607417,747.151674,29.086373152437925,726.26594255,768.0262228,480.668993,803.330971,742.619812235,29.62288425627978,9481,9604,123,mixr1_log_20260902_143435_192ppr_10ms.csv
192,10,40,40.0,49.99,1000,1003.513642322,1006.621975,36.889365439920425,985.48670325,1031.205246,748.756548,1056.109711,1001.992969916,37.983240252931566,9605,9772,167,mixr1_log_20260902_143435_192ppr_10ms.csv
192,10,50,50.0,59.99,1000,1262.105854149,1265.274898,37.6826185427561,1226.992317,1290.7817499,989.361217,1328.111586,1260.6524999449998,37.25988249971468,9774,9984,210,mixr1_log_20260902_143435_192ppr_10ms.csv
192,10,60,60.0,69.99,1000,1519.210855192,1523.413735,49.76480954936781,1471.3893136,1581.6918983,1200.057405,1622.938966,1517.742903469,45.89681501179333,9985,10237,252,mixr1_log_20260902_143435_192ppr_10ms.csv
192,10,70,70.0,79.99,1000,1778.037721771,1780.7902,47.99393338029833,1715.4869477000002,1840.5386145,1510.757664,1890.899342,1776.5337603449998,41.1659700199794,10239,10533,294,mixr1_log_20260902_143435_192ppr_10ms.csv
192,10,80,80.0,89.99,1000,2034.905223843,2039.956557,56.25388286908424,1948.217577,2109.5350043,1750.517494,2156.056602,2033.473573399,46.72851574337075,10536,10874,338,mixr1_log_20260902_143435_192ppr_10ms.csv
192,10,90,90.0,99.99,1000,2289.937873835,2295.745711,56.719763963665,2189.48533875,2369.5515705000003,2012.97841,2425.568029,2288.4370932069996,47.42104211969265,10876,11257,381,mixr1_log_20260902_143435_192ppr_10ms.csv
192,10,100,100.0,109.99,1000,2465.452634759,2468.363948,48.95868599034101,2376.3383902,2542.56868485,2177.138651,2627.344404,2464.5309803970003,35.18638791468484,11260,11670,410,mixr1_log_20260902_143435_192ppr_10ms.csv
192,10,110,110.0,119.09,910,221.05964970329669,0.0,624.9383600248103,0.0,2248.44045,0.0,2549.175181,235.6226216373626,647.376646503775,11673,11704,31,mixr1_log_20260902_143435_192ppr_10ms.csv
192,20,0,0.0,9.99,1000,0.0,0.0,0.0,0.0,0.0,0.0,0.0,0.0,0.0,11704,11704,0,mixr1_log_20260902_143640_192ppr_20ms.csv
192,20,10,10.0,19.99,1000,218.67742369899997,222.5758905,28.599697950039783,194.858367,243.22862809999998,0.0,257.529475,217.37056702499999,28.065567705161293,11704,11740,36,mixr1_log_20260902_143640_192ppr_20ms.csv
192,20,20,20.0,29.99,1000,484.357989144,487.322192,31.60129799463034,472.6297675,501.807254,197.920407,519.766765,482.901554862,33.211018112687654,11740,11821,81,mixr1_log_20260902_143640_192ppr_20ms.csv
192,20,30,30.0,39.99,1000,745.289009591,748.966444,30.720301095957872,733.8271996000001,761.0237025499999,479.849082,792.968076,743.8330940039999,33.544049426223154,11821,11945,124,mixr1_log_20260902_143640_192ppr_20ms.csv
192,20,40,40.0,49.99,1000,1006.5928492529999,1006.5181190000001,30.81046700515515,984.20312935,1033.4955409,747.44362,1047.790672,1005.078651648,32.03535529917159,11945,12113,168,mixr1_log_20260902_143640_192ppr_20ms.csv
192,20,50,50.0,59.99,1000,1265.451897314,1265.592253,34.465828217489296,1237.196452,1296.3927637499999,1005.369217,1316.392954,1263.9907766420001,34.67902233384759,12113,12324,211,mixr1_log_20260902_143640_192ppr_20ms.csv
192,20,60,60.0,69.99,1000,1523.1298808440001,1523.0306385,42.103810531488335,1497.200357,1567.3657456,1258.824292,1577.489741,1521.663371334,40.067237580325695,12324,12578,254,mixr1_log_20260902_143640_192ppr_20ms.csv
192,20,70,70.0,79.99,1000,1779.945085246,1779.764097,43.07885761018073,1742.296263,1827.4039960500002,1526.292284,1853.3419,1778.478281668,40.03581883691191,12578,12874,296,mixr1_log_20260902_143640_192ppr_20ms.csv
192,20,80,80.0,89.99,1000,2034.5035539569997,2036.783761,50.61751688477817,1985.062761,2085.2518484999996,1750.276528,2130.685288,2033.111210622,46.83409646928424,12875,13216,341,mixr1_log_20260902_143640_192ppr_20ms.csv
192,20,90,90.0,99.99,1000,2290.1619525380006,2290.407513,50.791835669882204,2252.239527,2351.6662056,2018.737185,2370.813198,2288.669248608,46.34277244709225,13216,13600,384,mixr1_log_20260902_143640_192ppr_20ms.csv
192,20,100,100.0,109.99,1000,2460.986434249,2457.342644,42.04611323957379,2399.77904,2528.382544,2278.060384,2556.367827,2460.134462395,33.12171972849332,13600,14010,410,mixr1_log_20260902_143640_192ppr_20ms.csv
192,20,110,110.0,119.99,1000,200.01064081999996,0.0,599.5191847661179,0.0,2053.498558,0.0,2514.023534,212.74434692200003,620.8740332293753,14011,14043,32,mixr1_log_20260902_143640_192ppr_20ms.csv
192,20,120,120.0,120.15,16,0.0,0.0,0.0,0.0,0.0,0.0,0.0,0.0,0.0,14043,14043,0,mixr1_log_20260902_143640_192ppr_20ms.csv
200,10,0,0.0,9.99,1000,0.0,0.0,0.0,0.0,0.0,0.0,0.0,0.0,0.0,14043,14043,0,mixr1_log_20260902_144148_200ppr_10ms.csv
200,10,10,10.0,19.99,1000,209.26112434400002,215.699894,29.50233196532665,172.507573,240.238072,0.0,254.998547,208.177865868,25.17554813755363,14043,14078,35,mixr1_log_20260902_144148_200ppr_10ms.csv
200,10,20,20.0,29.99,1000,475.125258008,479.694482,29.027889110439997,449.97632880000003,502.111968,220.86355,525.212719,473.536832894,30.574403887101585,14078,14157,79,mixr1_log_20260902_144148_200ppr_10ms.csv
200,10,30,30.0,39.99,1000,736.194880011,738.767583,28.083830543696145,717.42692,757.482269,463.492306,783.755996,734.684383894,29.874478323551738,14158,14280,122,mixr1_log_20260902_144148_200ppr_10ms.csv
200,10,40,40.0,49.99,1000,994.39217929,997.495372,36.93801407058141,973.32600685,1025.581196,719.996796,1072.127543,992.9048229420001,37.16131437299497,14281,14446,165,mixr1_log_20260902_144148_200ppr_10ms.csv
200,10,50,50.0,59.99,1000,1252.641642776,1253.9669265,41.91927004461848,1208.69128,1294.3028038500001,929.972752,1378.24445,1251.1671353919999,39.86366704977177,14447,14656,209,mixr1_log_20260902_144148_200ppr_10ms.csv
200,10,60,60.0,69.99,1000,1513.2664883090001,1514.877825,43.54023778847179,1459.01972005,1573.156064,1227.77941,1619.769547,1511.8110530289998,38.343901544663616,14657,14908,251,mixr1_log_20260902_144148_200ppr_10ms.csv
200,10,70,70.0,79.99,1000,1769.2783063969998,1772.519667,50.2768669568481,1702.519528,1841.8880505,1508.963136,1869.15858,1767.984561836,44.48880807764895,14909,15203,294,mixr1_log_20260902_144148_200ppr_10ms.csv
200,10,80,80.0,89.99,1000,2028.3303515479997,2032.410676,53.98693197449668,1947.92041745,2096.42680375,1747.235552,2143.051538,2026.74826047,48.87792560504886,15205,15543,338,mixr1_log_20260902_144148_200ppr_10ms.csv
200,10,90,90.0,99.99,1000,2284.371154305,2287.530424,59.43141506816203,2177.9065927,2376.8024235,1961.153598,2432.57668,2282.873181959,48.24876458081681,15544,15923,379,mixr1_log_20260902_144148_200ppr_10ms.csv
200,10,100,100.0,109.99,1000,2458.903650605,2459.618513,49.688082812017385,2373.19964565,2549.98564405,2272.178935,2609.533398,2457.887642182,35.26778108290019,15925,16336,411,mixr1_log_20260902_144148_200ppr_10ms.csv
200,10,110,110.0,117.75,776,253.36118700515468,0.0,669.1046117528788,0.0,2357.38112,0.0,2519.817407,270.25944556185567,692.627325220891,16339,16369,30,mixr1_log_20260902_144148_200ppr_10ms.csv
200,20,0,0.0,9.99,1000,0.0,0.0,0.0,0.0,0.0,0.0,0.0,0.0,0.0,16369,16369,0,mixr1_log_20260902_144350_200ppr_20ms.csv
200,20,10,10.0,19.99,1000,213.82784254700002,220.9936015,26.72513852610103,178.107098,242.6148504,0.0,247.497575,212.581126428,23.580110393650163,16369,16404,35,mixr1_log_20260902_144350_200ppr_20ms.csv
200,20,20,20.0,29.99,1000,478.71156507,483.272847,31.78438296442724,460.08340445,501.35666,227.13163,518.634621,477.248020797,33.141347123793466,16404,16484,80,mixr1_log_20260902_144350_200ppr_20ms.csv
200,20,30,30.0,39.99,1000,738.7718185580001,741.835204,30.42878857407539,727.2168024,757.45666185,469.26768,774.291726,737.276487511,32.89220388961871,16484,16607,123,mixr1_log_20260902_144350_200ppr_20ms.csv
200,20,40,40.0,49.99,1000,998.7303690699999,1002.29495,40.084131446252485,981.377303,1027.60579905,735.79855,1043.407247,997.2374482449999,41.04047961710355,16608,16774,166,mixr1_log_20260902_144350_200ppr_20ms.csv
200,20,50,50.0,59.99,1000,1256.8776568979997,1258.003539,47.29353690670614,1236.279458,1296.9012945,976.61894,1313.132475,1255.403152695,47.09881171926512,16774,16984,210,mixr1_log_20260902_144350_200ppr_20ms.csv
200,20,60,60.0,69.99,1000,1516.149071554,1518.593667,47.62549490275513,1486.9634799,1557.647574,1222.616149,1589.707334,1514.6843240029998,46.48272472357557,16984,17236,252,mixr1_log_20260902_144350_200ppr_20ms.csv
200,20,70,70.0,79.99,1000,1773.937720396,1776.130213,50.59072127961248,1730.3184951,1821.557008,1513.241439,1847.88606,1772.535249733,48.716122277926104,17237,17532,295,mixr1_log_20260902_144350_200ppr_20ms.csv
200,20,80,80.0,89.99,1000,2029.30552431,2031.448992,56.42435771161166,1977.6527228,2087.85147735,1745.541327,2114.780085,2027.760707337,53.503372625683596,17532,17871,339,mixr1_log_20260902_144350_200ppr_20ms.csv
200,20,90,90.0,99.99,1000,2284.077394175,2291.35469,56.917391801236164,2233.8367752,2345.706812,1990.659824,2378.397596,2282.681318185,52.575353749391134,17871,18252,381,mixr1_log_20260902_144350_200ppr_20ms.csv
200,20,100,100.0,109.99,1000,2450.613161572,2452.017019,48.30824157992165,2334.381794,2512.2486206,2229.733879,2546.897945,2449.651588776,39.720075075381445,18253,18662,409,mixr1_log_20260902_144350_200ppr_20ms.csv
200,20,110,110.0,118.01,802,276.106560425187,0.0,704.2108009740207,0.0,2436.730441,0.0,2501.824841,293.0690005648379,724.9415129152824,18662,18698,36,mixr1_log_20260902_144350_200ppr_20ms.csv
250,10,0,0.0,9.99,1000,0.0,0.0,0.0,0.0,0.0,0.0,0.0,0.0,0.0,18698,18698,0,mixr1_log_20260902_144645_250ppr_10ms.csv
250,10,10,10.0,19.99,1000,210.40624453,215.687015,27.60132015419984,176.764082,239.9933496,0.0,251.993045,209.262023229,24.193958727750374,18698,18733,35,mixr1_log_20260902_144645_250ppr_10ms.csv
250,10,20,20.0,29.99,1000,475.20673841,477.316898,25.391675489635027,449.98803675,498.2814897,230.62195,530.099945,473.641440789,26.432050618404972,18733,18813,80,mixr1_log_20260902_144645_250ppr_10ms.csv
250,10,30,30.0,39.99,1000,733.867821187,737.010818,28.879325112859703,713.8429732,755.842558,446.274273,791.962461,732.411419545,29.826660955406062,18813,18935,122,mixr1_log_20260902_144645_250ppr_10ms.csv
250,10,40,40.0,49.99,1000,992.1783746990001,995.74499,32.390032217924016,969.1188883,1017.06033655,705.017213,1064.535585,990.824016867,32.32832739327882,18935,19100,165,mixr1_log_20260902_144645_250ppr_10ms.csv
250,10,50,50.0,59.99,1000,1247.7574148090002,1247.868225,40.24035628994785,1213.500312,1302.2120424,989.864685,1338.420122,1246.240736967,37.55835226148231,19101,19308,207,mixr1_log_20260902_144645_250ppr_10ms.csv
250,10,60,60.0,69.99,1000,1508.843424912,1509.3017575,42.662138178727055,1451.770222,1567.2122298000002,1169.850376,1599.593367,1507.398320303,38.248108828076774,19310,19560,250,mixr1_log_20260902_144645_250ppr_10ms.csv
250,10,70,70.0,79.99,1000,1768.331004795,1768.790501,47.33527166762203,1721.5844456999998,1835.9286835,1444.324943,1910.96718,1766.7581638509998,41.484565275718836,19561,19854,293,mixr1_log_20260902_144645_250ppr_10ms.csv
250,10,80,80.0,89.99,1000,2025.9572029690003,2027.799653,52.64166289090024,1959.35903125,2101.44557,1702.913168,2164.13726,2024.5773823620002,45.502883811882505,19856,20192,336,mixr1_log_20260902_144645_250ppr_10ms.csv
250,10,90,90.0,99.99,1000,2283.428077503,2285.866976,56.33640773482006,2199.67983055,2366.333783,1907.973479,2428.57484,2281.961741096,46.591682640451324,20194,20573,379,mixr1_log_20260902_144645_250ppr_10ms.csv
250,10,100,100.0,109.99,1000,2457.301142902,2459.9671595,249.82284740035882,2322.063889,2563.9547901,0.0,6102.319151,2456.30784835,83.5868507165339,20574,20984,410,mixr1_log_20260902_144645_250ppr_10ms.csv
250,10,110,110.0,116.69,670,283.6512366179105,0.0,696.2426545985907,0.0,2448.61553,0.0,2573.945815,303.1145675223881,721.2280440145867,20986,21016,30,mixr1_log_20260902_144645_250ppr_10ms.csv
250,20,0,0.0,9.99,1000,0.0,0.0,0.0,0.0,0.0,0.0,0.0,0.0,0.0,21016,21016,0,mixr1_log_20260902_144854_250ppr_20ms.csv
250,20,10,10.0,19.99,1000,211.53544741000002,216.015608,28.704966643836578,179.665686,242.0061841,0.0,246.451462,210.42049618299998,25.663586693775805,21016,21051,35,mixr1_log_20260902_144854_250ppr_20ms.csv
250,20,20,20.0,29.99,1000,478.749748263,481.89135,26.212530282502648,461.06597165,500.28043514999996,205.724108,521.987211,477.10138406699997,28.575892340126014,21051,21131,80,mixr1_log_20260902_144854_250ppr_20ms.csv
250,20,30,30.0,39.99,1000,739.227559505,741.418352,26.03809912067686,725.382302,754.390083,464.089779,782.805277,737.8055963200001,28.37383080860205,21131,21254,123,mixr1_log_20260902_144854_250ppr_20ms.csv
250,20,40,40.0,49.99,1000,996.117799656,999.218571,37.63490670537656,974.91562235,1024.314304,701.219667,1036.647544,994.629765367,38.701507963927874,21255,21420,165,mixr1_log_20260902_144854_250ppr_20ms.csv
250,20,50,50.0,59.99,1000,1252.457847866,1253.493885,40.75917090675519,1227.2781211000001,1287.7074874999998,954.949675,1306.707619,1250.977765037,40.436937642091124,21421,21629,208,mixr1_log_20260902_144854_250ppr_20ms.csv
250,20,60,60.0,69.99,1000,1510.99313778,1514.979715,48.03419144892816,1476.274072,1553.7390232,1238.5902,1580.998419,1509.5233853080001,46.921435886997955,21630,21881,251,mixr1_log_20260902_144854_250ppr_20ms.csv
250,20,70,70.0,79.99,1000,1769.2340611729999,1772.588172,49.95707561892405,1731.5560791999999,1816.0367493,1511.832959,1852.397676,1767.753545547,48.293512813647716,21883,22176,293,mixr1_log_20260902_144854_250ppr_20ms.csv
250,20,80,80.0,89.99,1000,2028.240912977,2031.347276,50.39398916491971,1980.181048,2081.001285,1703.315182,2114.300451,2026.798177357,46.98240664907063,22177,22514,337,mixr1_log_20260902_144854_250ppr_20ms.csv
250,20,90,90.0,99.99,1000,2283.8282628389998,2285.414848,71.72083502779176,2229.0991727,2341.0840479,1474.874229,2592.377196,2282.389352027,54.30483282819855,22516,22897,381,mixr1_log_20260902_144854_250ppr_20ms.csv
250,20,100,100.0,109.99,1000,2452.2990255110003,2456.845485,255.0032612214863,2309.252073,2526.4899146,0.0,4974.734401,2451.2704048929995,100.88963595356566,22899,23313,414,mixr1_log_20260902_144854_250ppr_20ms.csv
250,20,110,110.0,119.99,1000,192.185806754,0.0,588.517465322073,0.0,1892.458328399994,0.0,2523.606009,205.70657858099997,610.7270407588513,23315,23345,30,mixr1_log_20260902_144854_250ppr_20ms.csv
250,20,120,120.0,123.39,340,0.0,0.0,0.0,0.0,0.0,0.0,0.0,0.0,0.0,23345,23345,0,mixr1_log_20260902_144854_250ppr_20ms.csv
256,10,0,0.0,9.99,1000,0.0,0.0,0.0,0.0,0.0,0.0,0.0,0.0,0.0,23345,23345,0,mixr1_log_20260902_145221_256ppr_10ms.csv
256,10,10,10.0,19.99,1000,217.29809810900002,222.6546525,21.723855924960958,193.3254355,237.304403,0.0,251.852787,216.1183662,22.011423339301437,23345,23381,36,mixr1_log_20260902_145221_256ppr_10ms.csv
256,10,20,20.0,29.99,1000,480.79828114099996,482.603203,21.423467200736983,462.88781070000005,498.04492905,222.637215,523.130423,479.261522446,24.94663663338615,23381,23461,80,mixr1_log_20260902_145221_256ppr_10ms.csv
256,10,30,30.0,39.99,1000,738.5763727760001,743.188388,32.20702384081888,720.4160946,755.859148,475.093685,804.45373,737.085455493,33.41663813153566,23461,23584,123,mixr1_log_20260902_145221_256ppr_10ms.csv
256,10,40,40.0,49.99,1000,997.555754274,1000.7768444999999,41.050983531940844,961.944884,1039.18094725,732.412061,1073.924961,996.064247596,40.50855103559425,23585,23751,166,mixr1_log_20260902_145221_256ppr_10ms.csv
256,10,50,50.0,59.99,1000,1256.9444958830002,1259.5831115,43.075951457502654,1216.7248512,1308.841944,979.795363,1346.905132,1255.4750965370001,40.76550537359663,23751,23960,209,mixr1_log_20260902_145221_256ppr_10ms.csv
256,10,60,60.0,69.99,1000,1516.5879445490002,1520.543773,45.08027117725431,1460.240916,1568.3367437,1254.309827,1611.502661,1515.1021969320002,41.43664322235058,23960,24213,253,mixr1_log_20260902_145221_256ppr_10ms.csv
256,10,70,70.0,79.99,1000,1775.36286158,1775.3552955,47.7159763892103,1718.9716841499999,1839.9772833,1497.356682,1898.027834,1773.8942608639998,40.9242331537678,24213,24509,296,mixr1_log_20260902_145221_256ppr_10ms.csv
256,10,80,80.0,89.99,1000,2031.5186944350003,2033.118889,58.061377417553224,1958.1895454,2119.042929,1718.85769,2159.790658,2030.061054896,48.429550076900256,24509,24847,338,mixr1_log_20260902_145221_256ppr_10ms.csv
256,10,90,90.0,99.99,1000,2287.0588667200004,2290.819302,306.07406029218663,2164.9446466000004,2371.6599478499998,0.0,7119.379543,2285.577391143,91.82547230580788,24848,25230,382,mixr1_log_20260902_145221_256ppr_10ms.csv
256,10,100,100.0,109.99,1000,2462.2590471900003,2466.361562,274.71960345916807,2353.6232705,2572.8671888500003,0.0,6992.915442,2461.2855273490004,71.17939127636019,25230,25643,413,mixr1_log_20260902_145221_256ppr_10ms.csv
256,10,110,110.0,115.13,514,371.4582263210117,0.0,771.4169472475818,0.0,2462.175601,0.0,2575.926118,397.6439584922179,798.6466076613509,25643,25674,31,mixr1_log_20260902_145221_256ppr_10ms.csv
256,20,0,0.0,9.99,1000,0.0,0.0,0.0,0.0,0.0,0.0,0.0,0.0,0.0,25674,25674,0,mixr1_log_20260902_145422_256ppr_20ms.csv
256,20,10,10.0,19.99,1000,216.713756185,220.141227,21.05329280861929,192.91936865,238.456908,0.0,243.592044,215.42762524100002,20.428376051472878,25674,25711,37,mixr1_log_20260902_145422_256ppr_20ms.csv
256,20,20,20.0,29.99,1000,481.299628324,484.4728315,24.13026686007808,467.694656,498.164753,224.385969,517.862461,479.822580779,26.97939587347248,25711,25791,80,mixr1_log_20260902_145422_256ppr_20ms.csv
256,20,30,30.0,39.99,1000,741.3606608879999,744.961947,30.438011448988597,732.378079,755.8490426499999,468.8076,778.952825,739.9120923909999,33.05625253489202,25791,25914,123,mixr1_log_20260902_145422_256ppr_20ms.csv
256,20,40,40.0,49.99,1000,1002.8575086610001,1004.665219,31.72410671723969,984.4935446,1026.379596,740.485673,1051.351943,1001.367500451,33.654047785642106,25915,26082,167,mixr1_log_20260902_145422_256ppr_20ms.csv
256,20,50,50.0,59.99,1000,1260.5612388,1262.6392225,42.14893133592595,1237.0549675999998,1297.551524,983.853558,1311.277569,1259.0933343529998,41.88600241731295,26082,26292,210,mixr1_log_20260902_145422_256ppr_20ms.csv
256,20,60,60.0,69.99,1000,1520.5101158330003,1523.423942,43.88179122267265,1491.382869,1564.134438,1260.235302,1582.402077,1519.055478232,42.96967899052115,26292,26546,254,mixr1_log_20260902_145422_256ppr_20ms.csv
256,20,70,70.0,79.99,1000,1781.184521925,1781.481846,43.90742791843441,1750.977123,1829.187527,1512.532851,1857.092926,1779.6415098609998,42.106354394276906,26546,26844,298,mixr1_log_20260902_145422_256ppr_20ms.csv
256,20,80,80.0,89.99,1000,2038.219348286,2040.501809,51.896919171207195,1991.483241,2087.675191,1754.17392,2127.866221,2036.802192053,48.897469325712805,26844,27184,340,mixr1_log_20260902_145422_256ppr_20ms.csv
256,20,90,90.0,99.99,1000,2295.380727446,2297.472276,218.81132403268103,2242.0846969,2358.175992,0.0,5721.628479,2293.840884657,69.48109163236727,27184,27566,382,mixr1_log_20260902_145422_256ppr_20ms.csv
256,20,100,100.0,109.99,1000,2479.943733593,2473.221329,231.84077789472275,2406.7720317,2531.96873135,0.0,4804.442272,2478.9685645110003,97.08568024263057,27567,27984,417,mixr1_log_20260902_145422_256ppr_20ms.csv
256,20,110,110.0,117.04,705,302.09876691773053,0.0,718.8309240795033,0.0,2457.7980675999997,0.0,2532.666852,321.64118176879435,742.159102401693,27985,28019,34,mixr1_log_20260902_145422_256ppr_20ms.csv
